Agro_ecology,Site,Month,Year,TempMaxi,TempMini,RHMaxi,RHMini,Rainfall,Attractant,Trap,B_dorsa,latitude,longitude
SGS,Akofodjoule,October,2008,33,22.7,94,56.5,121.8,ME,1,130,7.75,2.38289865
SGS,Akofodjoule,October,2008,33,22.7,94,56.5,121.8,ME,2,80,7.75,2.38289865
SGS,Akofodjoule,September,2005,30.6,22.3,97,67,136.5,ME,1,497,7.75,2.38289865
FSM,Ketou,July,2008,29.8,22.6,96.5,67.1,0,ME,1,7758,7.36332,2.59978
FSM,Ketou,July,2008,29.8,22.6,96.5,67.1,0,ME,2,5867,7.36332,2.59978
FSM,Lalo,July,2008,29.8,22.6,96.5,67.1,0,ME,1,1136,6.9300647,1.8785304
FSM,Lalo,July,2008,29.8,22.6,96.5,67.1,0,ME,2,1623,6.9300647,1.8785304
NGS,Natitingou,August,2008,29.4,21.3,96.1,70.8,323.3,ME,1,9587,10.30416,1.37962
NGS,Natitingou,August,2008,29.4,21.3,96.1,70.8,323.3,ME,2,5175,10.30416,1.37962
NGS,Natitingou,August,2008,29.4,21.3,96.1,70.8,323.3,ME,3,6520,10.30416,1.37962
NGS,Papatia,August,2008,29.4,21.3,96.1,70.8,323.3,ME,1,2309,6.4000211,2.0491574
NGS,Papatia,August,2008,29.4,21.3,96.1,70.8,323.3,ME,2,1962,6.4000211,2.0491574
FSM,Iloulofin,July,2010,30.4,22.8,96,65,216.5,ME,1,3754,6.98008,2.6649
FSM,Iloulofin,July,2010,30.4,22.8,96,65,216.5,ME,2,2861,6.98008,2.6649
FSM,Iloulofin,July,2010,30.4,22.8,96,65,216.5,ME,3,3265,6.98008,2.6649
FSM,Ketou,May,2007,32.6,24.1,96,61,131.1,ME,1,24471,7.36332,2.59978
FSM,Ketou,June,2007,30.8,23,96,65,102.5,ME,1,12508,7.36332,2.59978
FSM,Ketou,July,2007,29.9,22.6,96,68,276.4,ME,1,6809,7.36332,2.59978
FSM,Ketou,August,2007,29.1,22.4,96,71,177.3,ME,1,2794,7.36332,2.59978
FSM,Ketou,September,2007,30.5,22.7,96,66,138.1,ME,1,1658,7.36332,2.59978
FSM,Ketou,October,2007,31.5,23,96,62,130.2,ME,1,1374,7.36332,2.59978
FSM,Ketou,November,2007,33.5,23.8,96,55,15,ME,1,203,7.36332,2.59978
FSM,Ketou,May,2009,32.9,23.9,96,60,45,ME,1,14128,7.36332,2.59978
FSM,Ketou,June,2009,31.5,23.3,96,64,238,ME,1,12541,7.36332,2.59978
FSM,Ketou,September,2009,30.3,22.7,96,66,88.5,ME,1,1224,7.36332,2.59978
FSM,Ketou,October,2009,32.4,23.1,96,58,62.9,ME,1,342,7.36332,2.59978
FSM,Ketou,July,2010,30.4,22.8,96,65,216.5,ME,1,1259,7.36332,2.59978
FSM,Ketou,May,2007,32.6,24.1,96,61,131.1,ME,2,18352,7.36332,2.59978
FSM,Ketou,June,2007,30.8,23,96,65,102.5,ME,2,7424,7.36332,2.59978
FSM,Ketou,July,2007,29.9,22.6,96,68,276.4,ME,2,3871,7.36332,2.59978
FSM,Ketou,August,2007,29.1,22.4,96,71,177.3,ME,2,1082,7.36332,2.59978
FSM,Ketou,September,2007,30.5,22.7,96,66,138.1,ME,2,1442,7.36332,2.59978
FSM,Ketou,October,2007,31.5,23,96,62,130.2,ME,2,506,7.36332,2.59978
FSM,Ketou,November,2007,33.5,23.8,96,55,15,ME,2,144,7.36332,2.59978
FSM,Ketou,May,2009,32.9,23.9,96,60,45,ME,2,13655,7.36332,2.59978
FSM,Ketou,June,2009,31.5,23.3,96,64,238,ME,2,8394,7.36332,2.59978
FSM,Ketou,September,2009,30.3,22.7,96,66,88.5,ME,2,1193,7.36332,2.59978
FSM,Ketou,October,2009,32.4,23.1,96,58,62.9,ME,2,349,7.36332,2.59978
FSM,Ketou,July,2010,30.4,22.8,96,65,216.5,ME,2,3198,7.36332,2.59978
FSM,Ketou,May,2009,32.9,23.9,96,60,45,ME,3,16930,7.36332,2.59978
FSM,Ketou,June,2009,31.5,23.3,96,64,238,ME,3,8263,7.36332,2.59978
FSM,Ketou,September,2009,30.3,22.7,96,66,88.5,ME,3,708,7.36332,2.59978
FSM,Ketou,October,2009,32.4,23.1,96,58,62.9,ME,3,450,7.36332,2.59978
FSM,Ketou,July,2010,30.4,22.8,96,65,216.5,ME,3,3944,7.36332,2.59978
FSM,Lalo,May,2007,32.6,24.1,96,61,103.8,ME,1,6206,6.9300647,1.8785304
FSM,Lalo,June,2007,30.8,23,96,65,150,ME,1,3051,6.9300647,1.8785304
FSM,Lalo,July,2007,29.9,22.6,96,68,165.1,ME,1,1053,6.9300647,1.8785304
FSM,Lalo,August,2007,29.1,22.4,96,71,78.4,ME,1,2329,6.9300647,1.8785304
FSM,Lalo,September,2007,30.5,22.7,96,66,192.6,ME,1,1265,6.9300647,1.8785304
FSM,Lalo,October,2007,31.5,23,96,62,166.8,ME,1,584,6.9300647,1.8785304
FSM,Lalo,November,2007,33.5,23.8,96,55,66.6,ME,1,271,6.9300647,1.8785304
FSM,Lalo,May,2009,32.9,23.9,96,60,160.1,ME,1,1551,6.9300647,1.8785304
FSM,Lalo,June,2009,31.5,23.3,96,64,0,ME,1,6756,6.9300647,1.8785304
FSM,Lalo,September,2009,30.3,22.7,96,66,66.6,ME,1,912,6.9300647,1.8785304
FSM,Lalo,October,2009,32.4,23.1,96,58,80.6,ME,1,643,6.9300647,1.8785304
FSM,Lalo,May,2010,32.9,23.9,96,60,79.9,ME,1,14370,6.9300647,1.8785304
FSM,Lalo,June,2010,31.5,23.3,96,64,35.5,ME,1,10148,6.9300647,1.8785304
FSM,Lalo,May,2007,32.6,24.1,96,61,103.8,ME,2,3811,6.9300647,1.8785304
FSM,Lalo,June,2007,30.8,23,96,65,150,ME,2,3254,6.9300647,1.8785304
FSM,Lalo,July,2007,29.9,22.6,96,68,165.1,ME,2,947,6.9300647,1.8785304
FSM,Lalo,August,2007,29.1,22.4,96,71,78.4,ME,2,1295,6.9300647,1.8785304
FSM,Lalo,September,2007,30.5,22.7,96,66,192.6,ME,2,1353,6.9300647,1.8785304
FSM,Lalo,October,2007,31.5,23,96,62,166.8,ME,2,522,6.9300647,1.8785304
FSM,Lalo,November,2007,33.5,23.8,96,55,66.6,ME,2,176,6.9300647,1.8785304
FSM,Lalo,May,2009,32.9,23.9,96,60,160.1,ME,2,1429,6.9300647,1.8785304
FSM,Lalo,June,2009,31.5,23.3,96,64,0,ME,2,5052,6.9300647,1.8785304
FSM,Lalo,September,2009,30.3,22.7,96,66,66.6,ME,2,704,6.9300647,1.8785304
FSM,Lalo,October,2009,32.4,23.1,96,58,80.6,ME,2,1270,6.9300647,1.8785304
FSM,Lalo,May,2010,32.9,23.9,96,60,79.9,ME,2,11692,6.9300647,1.8785304
FSM,Lalo,June,2010,31.5,23.3,96,64,35.5,ME,2,5547,6.9300647,1.8785304
NGS,Natitingou,August,2007,28.8,21.2,96,70,340,ME,1,12521,10.30416,1.37962
NGS,Natitingou,July,2009,29.9,21.4,96,67,229.5,ME,1,1225,10.30416,1.37962
NGS,Natitingou,August,2009,30.5,21.5,96,70,344.2,ME,1,1193,10.30416,1.37962
NGS,Natitingou,September,2009,31.4,21.3,96,69,248.2,ME,1,403,10.30416,1.37962
NGS,Natitingou,August,2007,28.8,21.2,96,70,340,ME,2,10120,10.30416,1.37962
NGS,Natitingou,July,2009,29.9,21.4,96,67,229.5,ME,2,1782,10.30416,1.37962
NGS,Natitingou,August,2009,30.5,21.5,96,70,344.2,ME,2,958,10.30416,1.37962
NGS,Natitingou,September,2009,31.4,21.3,96,69,248.2,ME,2,507,10.30416,1.37962
NGS,Natitingou,August,2007,28.8,21.2,96,70,340,ME,3,7559,10.30416,1.37962
NGS,Natitingou,July,2009,29.9,21.4,96,67,229.5,ME,3,1104,10.30416,1.37962
NGS,Natitingou,August,2009,30.5,21.5,96,70,344.2,ME,3,928,10.30416,1.37962
NGS,Natitingou,September,2009,31.4,21.3,96,69,248.2,ME,3,341,10.30416,1.37962
NGS,Ndali,August,2007,29.9,21.4,96,67,223.3,ME,1,4831,9.8592172,2.6998899
NGS,Ndali,August,2010,28.8,21.8,96,70,237.1,ME,1,906,9.8592172,2.6998899
NGS,Ndali,August,2007,29.9,21.4,96,67,223.3,ME,2,2162,9.8592172,2.6998899
NGS,Ndali,August,2010,28.8,21.8,96,70,237.1,ME,2,1177,9.8592172,2.6998899
NGS,Ndali,August,2007,29.9,21.4,96,67,223.3,ME,3,1125,9.8592172,2.6998899
NGS,Ndali,August,2010,28.8,21.8,96,70,237.1,ME,3,1457,9.8592172,2.6998899
NGS,Papatia,August,2007,28.8,21.2,96,70,340,ME,1,4071,6.4000211,2.0491574
NGS,Papatia,July,2009,29.9,21.4,96,67,229.5,ME,1,2707,6.4000211,2.0491574
NGS,Papatia,August,2009,30.5,21.5,96,70,344.2,ME,1,1060,6.4000211,2.0491574
NGS,Papatia,September,2009,31.4,21.3,96,69,248.2,ME,1,232,6.4000211,2.0491574
NGS,Papatia,August,2007,28.8,21.2,96,70,340,ME,2,3905,6.4000211,2.0491574
NGS,Papatia,July,2009,29.9,21.4,96,67,229.5,ME,2,2047,6.4000211,2.0491574
NGS,Papatia,August,2009,30.5,21.5,96,70,344.2,ME,2,697,6.4000211,2.0491574
NGS,Papatia,September,2009,31.4,21.3,96,69,248.2,ME,2,117,6.4000211,2.0491574
NGS,Papatia,July,2009,29.9,21.4,96,67,229.5,ME,3,2359,6.4000211,2.0491574
NGS,Papatia,August,2009,30.5,21.5,96,70,344.2,ME,3,997,6.4000211,2.0491574
NGS,Papatia,September,2009,31.4,21.3,96,69,248.2,ME,3,256,6.4000211,2.0491574
NGS,Parakou,August,2007,29.9,21.4,96,67,223.3,ME,1,1118,9.33716,2.63031
NGS,Parakou,August,2010,28.8,21.8,96,70,237.1,ME,1,96,9.33716,2.63031
NGS,Parakou,August,2007,29.9,21.4,96,67,223.3,ME,2,1151,9.33716,2.63031
NGS,Parakou,August,2010,28.8,21.8,96,70,237.1,ME,2,288,9.33716,2.63031
NGS,Parakou,August,2010,28.8,21.8,96,70,237.1,ME,3,1145,9.33716,2.63031
SGS,Akofodjoule,May,2005,33.3,23.5,96,58,205,ME,1,664,7.75,2.38289865
SGS,Akofodjoule,June,2005,31.6,22.9,96,61,137.6,ME,1,7827,7.75,2.38289865
SGS,Akofodjoule,July,2005,30,22.3,96,68,47.1,ME,1,3578,7.75,2.38289865
SGS,Akofodjoule,August,2005,29.4,21.1,96,67,42.1,ME,1,883,7.75,2.38289865
SGS,Akofodjoule,October,2005,32.9,22.6,96,57,76.4,ME,1,857,7.75,2.38289865
SGS,Akofodjoule,May,2006,33.2,22.8,96,62,188.3,ME,1,16792,7.75,2.38289865
SGS,Akofodjoule,July,2006,31.7,22.9,96,66,36,ME,1,2421,7.75,2.38289865
SGS,Akofodjoule,August,2006,29.8,21.9,96,71,37.6,ME,1,1666,7.75,2.38289865
SGS,Akofodjoule,September,2006,31.4,22.4,96,66,221.4,ME,1,405,7.75,2.38289865
SGS,Akofodjoule,October,2006,33.2,22.8,96,60,98.7,ME,1,273,7.75,2.38289865
SGS,Akofodjoule,August,2007,29.6,22,96,69,113.3,ME,1,2525,7.75,2.38289865
SGS,Akofodjoule,September,2007,31.2,22.2,96,62,234.6,ME,1,878,7.75,2.38289865
SGS,Akofodjoule,August,2007,29.6,22,96,69,113.3,ME,2,1346,7.75,2.38289865
SGS,Akofodjoule,September,2007,31.2,22.2,96,62,234.6,ME,2,70,7.75,2.38289865
SGS,Alafiarou1,August,2010,28.8,21.8,96,70,183.3,ME,1,466,9.8923435,3.4187595
SGS,Alafiarou1,August,2010,28.8,21.8,96,70,183.3,ME,2,677,9.8923435,3.4187595
SGS,Alafiarou1,August,2010,28.8,21.8,96,70,183.3,ME,3,676,9.8923435,3.4187595
SGS,Alafiarou2,August,2010,28.8,21.8,96,70,183.3,ME,1,1468,9.8923435,3.4187595
SGS,Alafiarou2,August,2010,28.8,21.8,96,70,183.3,ME,2,1515,9.8923435,3.4187595
SGS,Alafiarou2,August,2010,28.8,21.8,96,70,183.3,ME,3,1767,9.8923435,3.4187595
SGS,Bassila,August,2007,29.9,21.4,96,67,249.1,ME,1,2198,9.00814,1.6654
SGS,Bassila,May,2008,29.9,21.4,96,67,249.1,ME,2,4434,9.00814,1.6654
SGS,Bassila,July,2009,29.9,21.4,96,67,249.1,ME,3,3286,9.00814,1.6654
SGS,Tchourou1,August,2010,28.8,21.8,96,70,183.3,ME,1,643,8.88649,2.59753
SGS,Tchourou1,August,2010,28.8,21.8,96,70,183.3,ME,2,724,8.88649,2.59753
SGS,Tchourou1,August,2010,28.8,21.8,96,70,183.3,ME,3,566,8.88649,2.59753
SGS,Tchourou2,August,2010,28.8,21.8,96,70,183.3,ME,1,840,8.88649,2.59753
SGS,Tchourou2,August,2010,28.8,21.8,96,70,183.3,ME,2,804,8.88649,2.59753
SGS,Tchourou2,August,2010,28.8,21.8,96,70,183.3,ME,3,1104,8.88649,2.59753
FSM,Ketou,August,2008,29.5,22.4,95.8,68,83.5,ME,1,4041,7.36332,2.59978
FSM,Ketou,October,2008,32.3,23.4,95.8,60.5,164.5,ME,1,560,7.36332,2.59978
FSM,Ketou,August,2008,29.5,22.4,95.8,68,83.5,ME,2,3600,7.36332,2.59978
FSM,Ketou,October,2008,32.3,23.4,95.8,60.5,164.5,ME,2,619,7.36332,2.59978
FSM,Lalo,August,2008,29.5,22.4,95.8,68,57.1,ME,1,2032,6.9300647,1.8785304
FSM,Lalo,October,2008,32.3,23.4,95.8,60.5,81.9,ME,1,1286,6.9300647,1.8785304
FSM,Lalo,August,2008,29.5,22.4,95.8,68,57.1,ME,2,1855,6.9300647,1.8785304
FSM,Lalo,October,2008,32.3,23.4,95.8,60.5,81.9,ME,2,790,6.9300647,1.8785304
FSM,Ketou,September,2008,30.9,22.9,95.7,63.2,244.1,ME,1,2675,7.36332,2.59978
FSM,Ketou,September,2008,30.9,22.9,95.7,63.2,244.1,ME,2,2675,7.36332,2.59978
FSM,Lalo,September,2008,30.9,22.9,95.7,63.2,144.7,ME,1,2250,6.9300647,1.8785304
FSM,Lalo,September,2008,30.9,22.9,95.7,63.2,144.7,ME,2,1320,6.9300647,1.8785304
FSM,Ketou,June,2008,30.8,22.9,95.6,63.5,340.9,ME,1,8338,7.36332,2.59978
FSM,Ketou,June,2008,30.8,22.9,95.6,63.5,340.9,ME,2,7521,7.36332,2.59978
FSM,Lalo,June,2008,30.8,22.9,95.6,63.5,103.2,ME,1,2035,6.9300647,1.8785304
FSM,Lalo,June,2008,30.8,22.9,95.6,63.5,103.2,ME,2,2376,6.9300647,1.8785304
NGS,Natitingou,September,2008,30.3,21,95.5,69.5,289.9,ME,1,4118,10.30416,1.37962
NGS,Natitingou,September,2008,30.3,21,95.5,69.5,289.9,ME,2,1850,10.30416,1.37962
NGS,Natitingou,September,2008,30.3,21,95.5,69.5,289.9,ME,3,3084,10.30416,1.37962
NGS,Papatia,September,2008,30.3,21,95.5,69.5,289.9,ME,1,700,6.4000211,2.0491574
NGS,Papatia,September,2008,30.3,21,95.5,69.5,289.9,ME,2,600,6.4000211,2.0491574
NGS,Ndali,August,2008,30.2,21.7,95.4,66.3,158,ME,1,3500,9.8592172,2.6998899
NGS,Ndali,August,2008,30.2,21.7,95.4,66.3,158,ME,2,4400,9.8592172,2.6998899
NGS,Ndali,August,2008,30.2,21.7,95.4,66.3,158,ME,3,5729,9.8592172,2.6998899
NGS,Parakou,August,2008,30.2,21.7,95.4,66.3,158,ME,1,2419,9.33716,2.63031
NGS,Parakou,August,2008,30.2,21.7,95.4,66.3,158,ME,2,1714,9.33716,2.63031
SGS,Bassila,August,2008,30.2,21.7,95.4,66.3,198.8,ME,1,1545,9.00814,1.6654
SGS,Bassila,May,2009,30.2,21.7,95.4,66.3,198.8,ME,2,12497,9.00814,1.6654
NGS,Ndali,September,2008,31.2,21.5,95.3,65.2,304.3,ME,1,1998,9.8592172,2.6998899
NGS,Ndali,September,2008,31.2,21.5,95.3,65.2,304.3,ME,2,1912,9.8592172,2.6998899
NGS,Ndali,September,2008,31.2,21.5,95.3,65.2,304.3,ME,3,2187,9.8592172,2.6998899
NGS,Parakou,September,2008,31.2,21.5,95.3,65.2,304.3,ME,1,787,9.33716,2.63031
NGS,Parakou,September,2008,31.2,21.5,95.3,65.2,304.3,ME,2,640,9.33716,2.63031
SGS,Bassila,September,2008,31.2,21.5,95.3,65.2,349.7,ME,1,1000,9.00814,1.6654
SGS,Bassila,June,2009,31.2,21.5,95.3,65.2,349.7,ME,2,10093,9.00814,1.6654
NGS,Ndali,July,2008,30.6,21.5,95.1,65.1,237.9,ME,1,3958,9.8592172,2.6998899
NGS,Ndali,July,2008,30.6,21.5,95.1,65.1,237.9,ME,2,7240,9.8592172,2.6998899
NGS,Ndali,July,2008,30.6,21.5,95.1,65.1,237.9,ME,3,4504,9.8592172,2.6998899
NGS,Parakou,July,2008,30.6,21.5,95.1,65.1,237.9,ME,1,5028,9.33716,2.63031
NGS,Parakou,July,2008,30.6,21.5,95.1,65.1,237.9,ME,2,3870,9.33716,2.63031
SGS,Bassila,July,2008,30.6,21.5,95.1,65.1,231.7,ME,1,5150,9.00814,1.6654
SGS,Bassila,April,2009,30.6,21.5,95.1,65.1,231.7,ME,2,2162,9.00814,1.6654
FSM,Iloulofin,May,2010,33.4,24.6,95,59,236.7,ME,1,14370,6.98008,2.6649
FSM,Iloulofin,June,2010,32.1,24.1,95,61,28.3,ME,1,10148,6.98008,2.6649
FSM,Iloulofin,August,2010,29.8,22.9,95,68,216.3,ME,1,2182,6.98008,2.6649
FSM,Iloulofin,May,2010,33.4,24.6,95,59,236.7,ME,2,11692,6.98008,2.6649
FSM,Iloulofin,June,2010,32.1,24.1,95,61,28.3,ME,2,5547,6.98008,2.6649
FSM,Iloulofin,August,2010,29.8,22.9,95,68,216.3,ME,2,1362,6.98008,2.6649
FSM,Iloulofin,May,2010,33.4,24.6,95,59,236.7,ME,3,11041,6.98008,2.6649
FSM,Iloulofin,June,2010,32.1,24.1,95,61,28.3,ME,3,4253,6.98008,2.6649
FSM,Iloulofin,August,2010,29.8,22.9,95,68,216.3,ME,3,1956,6.98008,2.6649
FSM,Ketou,April,2009,33.9,24,95,55,80.9,ME,1,1939,7.36332,2.59978
FSM,Ketou,July,2009,30.2,22.7,95,66,76.7,ME,1,2655,7.36332,2.59978
FSM,Ketou,August,2009,29.2,22.5,95,71,99,ME,1,1871,7.36332,2.59978
FSM,Ketou,May,2010,33.4,24.6,95,59,236.7,ME,1,9907,7.36332,2.59978
FSM,Ketou,June,2010,32.1,24.1,95,61,28.3,ME,1,6301,7.36332,2.59978
FSM,Ketou,August,2010,29.8,22.9,95,68,216.3,ME,1,4669,7.36332,2.59978
FSM,Ketou,April,2009,33.9,24,95,55,80.9,ME,2,1824,7.36332,2.59978
FSM,Ketou,July,2009,30.2,22.7,95,66,76.7,ME,2,2807,7.36332,2.59978
FSM,Ketou,August,2009,29.2,22.5,95,71,99,ME,2,1507,7.36332,2.59978
FSM,Ketou,May,2010,33.4,24.6,95,59,236.7,ME,2,9939,7.36332,2.59978
FSM,Ketou,June,2010,32.1,24.1,95,61,28.3,ME,2,7526,7.36332,2.59978
FSM,Ketou,August,2010,29.8,22.9,95,68,216.3,ME,2,4211,7.36332,2.59978
FSM,Ketou,April,2009,33.9,24,95,55,80.9,ME,3,2142,7.36332,2.59978
FSM,Ketou,July,2009,30.2,22.7,95,66,76.7,ME,3,1847,7.36332,2.59978
FSM,Ketou,August,2009,29.2,22.5,95,71,99,ME,3,1629,7.36332,2.59978
FSM,Ketou,May,2010,33.4,24.6,95,59,236.7,ME,3,8665,7.36332,2.59978
FSM,Ketou,June,2010,32.1,24.1,95,61,28.3,ME,3,6718,7.36332,2.59978
FSM,Ketou,August,2010,29.8,22.9,95,68,216.3,ME,3,4139,7.36332,2.59978
FSM,Lalo,April,2009,33.9,24,95,55,73,ME,1,98,6.9300647,1.8785304
FSM,Lalo,July,2009,30.2,22.7,95,66,145.5,ME,1,2446,6.9300647,1.8785304
FSM,Lalo,August,2009,29.2,22.5,95,71,28.1,ME,1,3077,6.9300647,1.8785304
FSM,Lalo,April,2010,33.9,24,95,55,84.6,ME,1,7387,6.9300647,1.8785304
FSM,Lalo,July,2010,30.2,22.7,95,66,50.1,ME,1,3754,6.9300647,1.8785304
FSM,Lalo,August,2010,29.2,22.5,95,71,110.6,ME,1,2182,6.9300647,1.8785304
FSM,Lalo,April,2009,33.9,24,95,55,73,ME,2,37,6.9300647,1.8785304
FSM,Lalo,July,2009,30.2,22.7,95,66,145.5,ME,2,1470,6.9300647,1.8785304
FSM,Lalo,August,2009,29.2,22.5,95,71,28.1,ME,2,2789,6.9300647,1.8785304
FSM,Lalo,April,2010,33.9,24,95,55,84.6,ME,2,6974,6.9300647,1.8785304
FSM,Lalo,July,2010,30.2,22.7,95,66,50.1,ME,2,2861,6.9300647,1.8785304
FSM,Lalo,August,2010,29.2,22.5,95,71,110.6,ME,2,1362,6.9300647,1.8785304
NGS,Natitingou,July,2005,30,21.8,95,66,300.5,ME,1,8092,10.30416,1.37962
NGS,Natitingou,August,2005,28.7,21.4,95,71,271.6,ME,1,2573,10.30416,1.37962
NGS,Natitingou,September,2005,31.1,21.3,95,64,110.8,ME,1,962,10.30416,1.37962
NGS,Natitingou,July,2007,30,21.8,95,68,198.1,ME,1,11532,10.30416,1.37962
NGS,Natitingou,September,2007,31,21.2,95,66,259.8,ME,1,6767,10.30416,1.37962
NGS,Natitingou,October,2009,32.6,22.1,95,65,150,ME,1,219,10.30416,1.37962
NGS,Natitingou,July,2007,30,21.8,95,68,198.1,ME,2,9499,10.30416,1.37962
NGS,Natitingou,September,2007,31,21.2,95,66,259.8,ME,2,2347,10.30416,1.37962
NGS,Natitingou,October,2009,32.6,22.1,95,65,150,ME,2,224,10.30416,1.37962
NGS,Natitingou,July,2007,30,21.8,95,68,198.1,ME,3,6613,10.30416,1.37962
NGS,Natitingou,September,2007,31,21.2,95,66,259.8,ME,3,3047,10.30416,1.37962
NGS,Natitingou,October,2009,32.6,22.1,95,65,150,ME,3,202,10.30416,1.37962
NGS,Ndali,July,2005,30.2,22.2,95,64,165.9,ME,1,2857,9.8592172,2.6998899
NGS,Ndali,August,2005,29.7,21.6,95,68,242,ME,1,3050,9.8592172,2.6998899
NGS,Ndali,September,2005,31.6,22.1,95,63,179.7,ME,1,676,9.8592172,2.6998899
NGS,Ndali,August,2006,29.8,21.6,95,67,136.5,ME,1,1169,9.8592172,2.6998899
NGS,Ndali,September,2006,30.9,21.6,95,66,210.2,ME,1,1025,9.8592172,2.6998899
NGS,Ndali,September,2007,31.5,21.4,95,64,280.7,ME,1,1366,9.8592172,2.6998899
NGS,Ndali,September,2009,30.3,21.7,95,64,252.1,ME,1,780,9.8592172,2.6998899
NGS,Ndali,October,2009,30.7,22.4,95,65,215.3,ME,1,301,9.8592172,2.6998899
NGS,Ndali,August,2006,29.8,21.6,95,67,136.5,ME,2,1852,9.8592172,2.6998899
NGS,Ndali,September,2006,30.9,21.6,95,66,210.2,ME,2,965,9.8592172,2.6998899
NGS,Ndali,September,2007,31.5,21.4,95,64,280.7,ME,2,793,9.8592172,2.6998899
NGS,Ndali,September,2009,30.3,21.7,95,64,252.1,ME,2,646,9.8592172,2.6998899
NGS,Ndali,October,2009,30.7,22.4,95,65,215.3,ME,2,263,9.8592172,2.6998899
NGS,Ndali,September,2007,31.5,21.4,95,64,280.7,ME,3,949,9.8592172,2.6998899
NGS,Ndali,September,2009,30.3,21.7,95,64,252.1,ME,3,701,9.8592172,2.6998899
NGS,Ndali,October,2009,30.7,22.4,95,65,215.3,ME,3,369,9.8592172,2.6998899
NGS,Papatia,July,2007,30,21.8,95,68,198.1,ME,1,12755,6.4000211,2.0491574
NGS,Papatia,September,2007,31,21.2,95,66,259.8,ME,1,1403,6.4000211,2.0491574
NGS,Papatia,October,2009,32.6,22.1,95,65,150,ME,1,169,6.4000211,2.0491574
NGS,Papatia,July,2007,30,21.8,95,68,198.1,ME,2,14035,6.4000211,2.0491574
NGS,Papatia,September,2007,31,21.2,95,66,259.8,ME,2,1250,6.4000211,2.0491574
NGS,Papatia,October,2009,32.6,22.1,95,65,150,ME,2,95,6.4000211,2.0491574
NGS,Papatia,October,2009,32.6,22.1,95,65,150,ME,3,133,6.4000211,2.0491574
NGS,Parakou,September,2007,31.5,21.4,95,64,280.7,ME,1,347,9.33716,2.63031
NGS,Parakou,September,2009,30.3,21.7,95,64,252.1,ME,1,137,9.33716,2.63031
NGS,Parakou,October,2009,30.7,22.4,95,65,215.3,ME,1,66,9.33716,2.63031
NGS,Parakou,September,2007,31.5,21.4,95,64,280.7,ME,2,287,9.33716,2.63031
NGS,Parakou,September,2009,30.3,21.7,95,64,252.1,ME,2,126,9.33716,2.63031
NGS,Parakou,October,2009,30.7,22.4,95,65,215.3,ME,2,63,9.33716,2.63031
NGS,Parakou,September,2009,30.3,21.7,95,64,252.1,ME,3,29,9.33716,2.63031
NGS,Parakou,October,2009,30.7,22.4,95,65,215.3,ME,3,8,9.33716,2.63031
SGS,Akofodjoule,December,2005,36.5,23.2,95,47,0,ME,1,498,7.75,2.38289865
SGS,Akofodjoule,June,2006,33.2,22.9,95,60,149.8,ME,1,3900,7.75,2.38289865
SGS,Akofodjoule,May,2007,32.6,23.4,95,64,141.8,ME,1,14910,7.75,2.38289865
SGS,Akofodjoule,June,2007,31.4,22.5,95,64,211.9,ME,1,9931,7.75,2.38289865
SGS,Akofodjoule,July,2007,30.3,22.4,95,67,212,ME,1,4611,7.75,2.38289865
SGS,Akofodjoule,October,2007,32.4,22.5,95,60,70.9,ME,1,65,7.75,2.38289865
SGS,Akofodjoule,November,2007,34.6,23.3,95,49,0,ME,1,45,7.75,2.38289865
SGS,Akofodjoule,May,2007,32.6,23.4,95,64,141.8,ME,2,16542,7.75,2.38289865
SGS,Akofodjoule,June,2007,31.4,22.5,95,64,211.9,ME,2,6830,7.75,2.38289865
SGS,Akofodjoule,July,2007,30.3,22.4,95,67,212,ME,2,1217,7.75,2.38289865
SGS,Akofodjoule,October,2007,32.4,22.5,95,60,70.9,ME,2,48,7.75,2.38289865
SGS,Akofodjoule,November,2007,34.6,23.3,95,49,0,ME,2,35,7.75,2.38289865
SGS,Alafiarou1,September,2009,30.3,21.7,95,64,124.3,ME,1,312,9.8923435,3.4187595
SGS,Alafiarou1,October,2009,30.7,22.4,95,65,92.3,ME,1,233,9.8923435,3.4187595
SGS,Alafiarou1,September,2009,30.3,21.7,95,64,124.3,ME,2,394,9.8923435,3.4187595
SGS,Alafiarou1,October,2009,30.7,22.4,95,65,92.3,ME,2,134,9.8923435,3.4187595
SGS,Alafiarou1,September,2009,30.3,21.7,95,64,124.3,ME,3,327,9.8923435,3.4187595
SGS,Alafiarou1,October,2009,30.7,22.4,95,65,92.3,ME,3,134,9.8923435,3.4187595
SGS,Alafiarou2,September,2009,30.3,21.7,95,64,124.3,ME,1,507,9.8923435,3.4187595
SGS,Alafiarou2,October,2009,30.7,22.4,95,65,92.3,ME,1,67,9.8923435,3.4187595
SGS,Alafiarou2,September,2009,30.3,21.7,95,64,124.3,ME,2,340,9.8923435,3.4187595
SGS,Alafiarou2,October,2009,30.7,22.4,95,65,92.3,ME,2,116,9.8923435,3.4187595
SGS,Alafiarou2,September,2009,30.3,21.7,95,64,124.3,ME,3,389,9.8923435,3.4187595
SGS,Alafiarou2,October,2009,30.7,22.4,95,65,92.3,ME,3,91,9.8923435,3.4187595
SGS,Bassila,July,2005,30.2,22.2,95,64,0,ME,1,7104,9.00814,1.6654
SGS,Bassila,August,2005,29.7,21.6,95,68,0,ME,1,1217,9.00814,1.6654
SGS,Bassila,September,2005,31.6,22.1,95,63,0,ME,1,760,9.00814,1.6654
SGS,Bassila,August,2006,29.8,21.6,95,67,183.2,ME,1,1462,9.00814,1.6654
SGS,Bassila,September,2006,30.9,21.6,95,66,238.2,ME,1,680,9.00814,1.6654
SGS,Bassila,September,2007,31.5,21.4,95,64,0,ME,1,1333,9.00814,1.6654
SGS,Bassila,September,2009,30.3,21.7,95,64,150.7,ME,1,251,9.00814,1.6654
SGS,Bassila,October,2009,30.7,22.4,95,65,0,ME,1,49,9.00814,1.6654
SGS,Bassila,April,2006,30.2,22.2,95,64,0,ME,2,767,9.00814,1.6654
SGS,Bassila,May,2006,29.7,21.6,95,68,0,ME,2,1079,9.00814,1.6654
SGS,Bassila,June,2006,31.6,22.1,95,63,0,ME,2,5140,9.00814,1.6654
SGS,Bassila,May,2007,29.8,21.6,95,67,183.2,ME,2,7573,9.00814,1.6654
SGS,Bassila,June,2007,30.9,21.6,95,66,238.2,ME,2,31769,9.00814,1.6654
SGS,Bassila,June,2008,31.5,21.4,95,64,0,ME,2,7643,9.00814,1.6654
SGS,Bassila,June,2007,30.2,22.2,95,64,0,ME,3,21195,9.00814,1.6654
SGS,Bassila,July,2007,29.7,21.6,95,68,0,ME,3,10092,9.00814,1.6654
SGS,Bassila,August,2007,31.6,22.1,95,63,0,ME,3,2627,9.00814,1.6654
SGS,Bassila,July,2008,29.8,21.6,95,67,183.2,ME,3,5167,9.00814,1.6654
SGS,Bassila,August,2008,30.9,21.6,95,66,238.2,ME,3,1414,9.00814,1.6654
SGS,Bassila,August,2009,31.5,21.4,95,64,0,ME,3,1296,9.00814,1.6654
SGS,Tchourou1,September,2009,30.3,21.7,95,64,124.3,ME,1,245,8.88649,2.59753
SGS,Tchourou1,October,2009,30.7,22.4,95,65,92.3,ME,1,53,8.88649,2.59753
SGS,Tchourou1,September,2009,30.3,21.7,95,64,124.3,ME,2,295,8.88649,2.59753
SGS,Tchourou1,October,2009,30.7,22.4,95,65,92.3,ME,2,42,8.88649,2.59753
SGS,Tchourou1,September,2009,30.3,21.7,95,64,124.3,ME,3,231,8.88649,2.59753
SGS,Tchourou1,October,2009,30.7,22.4,95,65,92.3,ME,3,37,8.88649,2.59753
SGS,Tchourou2,September,2009,30.3,21.7,95,64,124.3,ME,1,134,8.88649,2.59753
SGS,Tchourou2,October,2009,30.7,22.4,95,65,92.3,ME,1,39,8.88649,2.59753
SGS,Tchourou2,September,2009,30.3,21.7,95,64,124.3,ME,2,198,8.88649,2.59753
SGS,Tchourou2,October,2009,30.7,22.4,95,65,92.3,ME,2,69,8.88649,2.59753
SGS,Tchourou2,September,2009,30.3,21.7,95,64,124.3,ME,3,153,8.88649,2.59753
SGS,Tchourou2,October,2009,30.7,22.4,95,65,92.3,ME,3,18,8.88649,2.59753
NGS,Natitingou,July,2008,29.9,21.2,94.9,72.2,282.1,ME,1,1975,10.30416,1.37962
NGS,Natitingou,July,2008,29.9,21.2,94.9,72.2,282.1,ME,2,2395,10.30416,1.37962
NGS,Natitingou,July,2008,29.9,21.2,94.9,72.2,282.1,ME,3,3717,10.30416,1.37962
NGS,Papatia,July,2008,29.9,21.2,94.9,72.2,282.1,ME,1,5670,6.4000211,2.0491574
NGS,Papatia,July,2008,29.9,21.2,94.9,72.2,282.1,ME,2,3276,6.4000211,2.0491574
FSM,Ketou,December,2008,35,24.1,94.8,44.5,4.5,ME,1,101,7.36332,2.59978
FSM,Ketou,December,2008,35,24.1,94.8,44.5,4.5,ME,2,83,7.36332,2.59978
FSM,Lalo,December,2008,35,24.1,94.8,44.5,0,ME,1,67,6.9300647,1.8785304
FSM,Lalo,December,2008,35,24.1,94.8,44.5,0,ME,2,56,6.9300647,1.8785304
SGS,Akofodjoule,July,2008,30.5,22.3,94.2,63.9,153.3,ME,1,3712,7.75,2.38289865
SGS,Akofodjoule,July,2008,30.5,22.3,94.2,63.9,153.3,ME,2,4036,7.75,2.38289865
SGS,Akofodjoule,September,2008,31.2,22.5,94.1,63.9,227.9,ME,1,475,7.75,2.38289865
SGS,Akofodjoule,September,2008,31.2,22.5,94.1,63.9,227.9,ME,2,135,7.75,2.38289865
FSM,Ketou,November,2009,34,23.3,94,65,73.9,ME,1,142,7.36332,2.59978
FSM,Ketou,December,2009,36,24.3,94,38,0,ME,1,202,7.36332,2.59978
FSM,Ketou,November,2009,34,23.3,94,65,73.9,ME,2,169,7.36332,2.59978
FSM,Ketou,December,2009,36,24.3,94,38,0,ME,2,165,7.36332,2.59978
FSM,Ketou,November,2009,34,23.3,94,65,73.9,ME,3,171,7.36332,2.59978
FSM,Ketou,December,2009,36,24.3,94,38,0,ME,3,133,7.36332,2.59978
FSM,Lalo,November,2009,34,23.3,94,65,67.1,ME,1,992,6.9300647,1.8785304
FSM,Lalo,December,2009,36,24.3,94,38,0,ME,1,1303,6.9300647,1.8785304
FSM,Lalo,November,2009,34,23.3,94,65,67.1,ME,2,889,6.9300647,1.8785304
FSM,Lalo,December,2009,36,24.3,94,38,0,ME,2,1242,6.9300647,1.8785304
NGS,Natitingou,June,2005,31.4,22.3,94,62,148.4,ME,1,4269,10.30416,1.37962
NGS,Natitingou,October,2007,33.1,21.2,94,58,103.4,ME,1,3603,10.30416,1.37962
NGS,Natitingou,October,2008,33.2,21.6,94,58,89.6,ME,1,1880,10.30416,1.37962
NGS,Natitingou,June,2009,32,22,94,66,255.7,ME,1,4785,10.30416,1.37962
NGS,Natitingou,October,2007,33.1,21.2,94,58,103.4,ME,2,1229,10.30416,1.37962
NGS,Natitingou,October,2008,33.2,21.6,94,58,89.6,ME,2,873,10.30416,1.37962
NGS,Natitingou,June,2009,32,22,94,66,255.7,ME,2,8085,10.30416,1.37962
NGS,Natitingou,October,2007,33.1,21.2,94,58,103.4,ME,3,1229,10.30416,1.37962
NGS,Natitingou,October,2008,33.2,21.6,94,58,89.6,ME,3,1074,10.30416,1.37962
NGS,Natitingou,June,2009,32,22,94,66,255.7,ME,3,4527,10.30416,1.37962
NGS,Ndali,October,2006,33,22.1,94,58,68.6,ME,1,254,9.8592172,2.6998899
NGS,Ndali,October,2007,33.1,21.8,94,56,112.5,ME,1,708,9.8592172,2.6998899
NGS,Ndali,June,2010,31.4,23,94,61,280.1,ME,1,3537,9.8592172,2.6998899
NGS,Ndali,July,2010,29.1,21.9,94,67,135,ME,1,5700,9.8592172,2.6998899
NGS,Ndali,October,2006,33,22.1,94,58,68.6,ME,2,446,9.8592172,2.6998899
NGS,Ndali,October,2007,33.1,21.8,94,56,112.5,ME,2,822,9.8592172,2.6998899
NGS,Ndali,June,2010,31.4,23,94,61,280.1,ME,2,1584,9.8592172,2.6998899
NGS,Ndali,July,2010,29.1,21.9,94,67,135,ME,2,4523,9.8592172,2.6998899
NGS,Ndali,October,2007,33.1,21.8,94,56,112.5,ME,3,614,9.8592172,2.6998899
NGS,Ndali,June,2010,31.4,23,94,61,280.1,ME,3,4328,9.8592172,2.6998899
NGS,Ndali,July,2010,29.1,21.9,94,67,135,ME,3,5995,9.8592172,2.6998899
NGS,Papatia,October,2007,33.1,21.2,94,58,103.4,ME,1,735,6.4000211,2.0491574
NGS,Papatia,October,2008,33.2,21.6,94,58,89.6,ME,1,360,6.4000211,2.0491574
NGS,Papatia,June,2009,32,22,94,66,255.7,ME,1,3034,6.4000211,2.0491574
NGS,Papatia,October,2007,33.1,21.2,94,58,103.4,ME,2,774,6.4000211,2.0491574
NGS,Papatia,October,2008,33.2,21.6,94,58,89.6,ME,2,473,6.4000211,2.0491574
NGS,Papatia,June,2009,32,22,94,66,255.7,ME,2,2091,6.4000211,2.0491574
NGS,Papatia,June,2009,32,22,94,66,255.7,ME,3,2562,6.4000211,2.0491574
NGS,Parakou,October,2007,33.1,21.8,94,56,112.5,ME,1,71,9.33716,2.63031
NGS,Parakou,June,2010,31.4,23,94,61,280.1,ME,1,3138,9.33716,2.63031
NGS,Parakou,July,2010,29.1,21.9,94,67,135,ME,1,5959,9.33716,2.63031
NGS,Parakou,October,2007,33.1,21.8,94,56,112.5,ME,2,54,9.33716,2.63031
NGS,Parakou,June,2010,31.4,23,94,61,280.1,ME,2,3635,9.33716,2.63031
NGS,Parakou,July,2010,29.1,21.9,94,67,135,ME,2,1908,9.33716,2.63031
NGS,Parakou,June,2010,31.4,23,94,61,280.1,ME,3,5348,9.33716,2.63031
NGS,Parakou,July,2010,29.1,21.9,94,67,135,ME,3,4040,9.33716,2.63031
SGS,Akofodjoule,April,2005,34.9,24.1,94,56,171,ME,1,80,7.75,2.38289865
SGS,Akofodjoule,August,2008,29.9,22.1,94,66.4,209.2,ME,1,1580,7.75,2.38289865
SGS,Akofodjoule,June,2009,32.2,23,94,58,0,ME,1,3055,7.75,2.38289865
SGS,Akofodjoule,July,2009,30.7,22.4,94,63,271.2,ME,1,769,7.75,2.38289865
SGS,Akofodjoule,August,2009,29.1,22.3,94,70,136.4,ME,1,799,7.75,2.38289865
SGS,Akofodjoule,September,2009,30.5,22.2,94,65,73.1,ME,1,295,7.75,2.38289865
SGS,Akofodjoule,August,2010,30.2,22.4,94,66,208,ME,1,541,7.75,2.38289865
SGS,Akofodjoule,August,2008,29.9,22.1,94,66.4,209.2,ME,2,1986,7.75,2.38289865
SGS,Akofodjoule,June,2009,32.2,23,94,58,0,ME,2,2669,7.75,2.38289865
SGS,Akofodjoule,July,2009,30.7,22.4,94,63,271.2,ME,2,636,7.75,2.38289865
SGS,Akofodjoule,August,2009,29.1,22.3,94,70,136.4,ME,2,711,7.75,2.38289865
SGS,Akofodjoule,September,2009,30.5,22.2,94,65,73.1,ME,2,279,7.75,2.38289865
SGS,Akofodjoule,August,2010,30.2,22.4,94,66,208,ME,2,731,7.75,2.38289865
SGS,Akofodjoule,June,2009,32.2,23,94,58,0,ME,3,3287,7.75,2.38289865
SGS,Akofodjoule,July,2009,30.7,22.4,94,63,271.2,ME,3,1318,7.75,2.38289865
SGS,Akofodjoule,August,2009,29.1,22.3,94,70,136.4,ME,3,927,7.75,2.38289865
SGS,Akofodjoule,September,2009,30.5,22.2,94,65,73.1,ME,3,160,7.75,2.38289865
SGS,Akofodjoule,August,2010,30.2,22.4,94,66,208,ME,3,495,7.75,2.38289865
SGS,Alafiarou1,June,2010,31.4,23,94,61,168.7,ME,1,9220,9.8923435,3.4187595
SGS,Alafiarou1,July,2010,29.1,21.9,94,67,205.6,ME,1,2424,9.8923435,3.4187595
SGS,Alafiarou1,June,2010,31.4,23,94,61,168.7,ME,2,12872,9.8923435,3.4187595
SGS,Alafiarou1,July,2010,29.1,21.9,94,67,205.6,ME,2,3209,9.8923435,3.4187595
SGS,Alafiarou1,June,2010,31.4,23,94,61,168.7,ME,3,9262,9.8923435,3.4187595
SGS,Alafiarou1,July,2010,29.1,21.9,94,67,205.6,ME,3,3253,9.8923435,3.4187595
SGS,Alafiarou2,June,2010,31.4,23,94,61,168.7,ME,1,12474,9.8923435,3.4187595
SGS,Alafiarou2,July,2010,29.1,21.9,94,67,205.6,ME,1,4712,9.8923435,3.4187595
SGS,Alafiarou2,June,2010,31.4,23,94,61,168.7,ME,2,11357,9.8923435,3.4187595
SGS,Alafiarou2,July,2010,29.1,21.9,94,67,205.6,ME,2,4132,9.8923435,3.4187595
SGS,Alafiarou2,June,2010,31.4,23,94,61,168.7,ME,3,9885,9.8923435,3.4187595
SGS,Alafiarou2,July,2010,29.1,21.9,94,67,205.6,ME,3,4969,9.8923435,3.4187595
SGS,Bassila,June,2005,31.3,22.4,94,59,0,ME,1,11230,9.00814,1.6654
SGS,Bassila,October,2006,33,22.1,94,58,80.2,ME,1,344,9.00814,1.6654
SGS,Bassila,October,2007,33.1,21.8,94,56,67.8,ME,1,1230,9.00814,1.6654
SGS,Bassila,March,2006,31.3,22.4,94,59,0,ME,2,322,9.00814,1.6654
SGS,Bassila,July,2007,33,22.1,94,58,80.2,ME,2,8773,9.00814,1.6654
SGS,Bassila,July,2008,33.1,21.8,94,56,67.8,ME,2,6860,9.00814,1.6654
SGS,Bassila,May,2007,31.3,22.4,94,59,0,ME,3,4939,9.00814,1.6654
SGS,Bassila,September,2008,33,22.1,94,58,80.2,ME,3,135,9.00814,1.6654
SGS,Bassila,September,2009,33.1,21.8,94,56,67.8,ME,3,473,9.00814,1.6654
SGS,Mondjigangan,August,2010,30.2,22.4,94,66,208,ME,1,2147,7.7800922,2.1795043
SGS,Mondjigangan,August,2010,30.2,22.4,94,66,208,ME,2,1101,7.7800922,2.1795043
SGS,Mondjigangan,August,2010,30.2,22.4,94,66,208,ME,3,1015,7.7800922,2.1795043
SGS,Tchourou1,June,2010,31.4,23,94,61,168.7,ME,1,16773,8.88649,2.59753
SGS,Tchourou1,July,2010,29.1,21.9,94,67,205.6,ME,1,4421,8.88649,2.59753
SGS,Tchourou1,June,2010,31.4,23,94,61,168.7,ME,2,20479,8.88649,2.59753
SGS,Tchourou1,July,2010,29.1,21.9,94,67,205.6,ME,2,4909,8.88649,2.59753
SGS,Tchourou1,June,2010,31.4,23,94,61,168.7,ME,3,11959,8.88649,2.59753
SGS,Tchourou1,July,2010,29.1,21.9,94,67,205.6,ME,3,3306,8.88649,2.59753
SGS,Tchourou2,June,2010,31.4,23,94,61,168.7,ME,1,16260,8.88649,2.59753
SGS,Tchourou2,July,2010,29.1,21.9,94,67,205.6,ME,1,3913,8.88649,2.59753
SGS,Tchourou2,June,2010,31.4,23,94,61,168.7,ME,2,13119,8.88649,2.59753
SGS,Tchourou2,July,2010,29.1,21.9,94,67,205.6,ME,2,3370,8.88649,2.59753
SGS,Tchourou2,June,2010,31.4,23,94,61,168.7,ME,3,18354,8.88649,2.59753
SGS,Tchourou2,July,2010,29.1,21.9,94,67,205.6,ME,3,3881,8.88649,2.59753
FSM,Ketou,May,2008,33.3,23.6,93.7,53.5,50.2,ME,1,9716,7.36332,2.59978
FSM,Ketou,May,2008,33.3,23.6,93.7,53.5,50.2,ME,2,8638,7.36332,2.59978
FSM,Lalo,May,2008,33.3,23.6,93.7,53.5,137.5,ME,1,1019,6.9300647,1.8785304
FSM,Lalo,May,2008,33.3,23.6,93.7,53.5,137.5,ME,2,991,6.9300647,1.8785304
NGS,Ndali,June,2008,32.6,21.8,93.7,57.2,295.3,ME,1,516,9.8592172,2.6998899
NGS,Ndali,June,2008,32.6,21.8,93.7,57.2,295.3,ME,2,860,9.8592172,2.6998899
NGS,Ndali,June,2008,32.6,21.8,93.7,57.2,295.3,ME,3,1635,9.8592172,2.6998899
NGS,Parakou,June,2008,32.6,21.8,93.7,57.2,295.3,ME,1,1283,9.33716,2.63031
NGS,Parakou,June,2008,32.6,21.8,93.7,57.2,295.3,ME,2,1085,9.33716,2.63031
SGS,Bassila,June,2008,32.6,21.8,93.7,57.2,236.3,ME,1,3964,9.00814,1.6654
SGS,Bassila,March,2009,32.6,21.8,93.7,57.2,236.3,ME,2,2753,9.00814,1.6654
FSM,Ketou,December,2007,34.5,23.5,93.4,42.5,31.9,ME,1,113,7.36332,2.59978
FSM,Ketou,April,2008,34.5,24.4,93.4,50.7,76.3,ME,1,493,7.36332,2.59978
FSM,Ketou,December,2007,34.5,23.5,93.4,42.5,31.9,ME,2,81,7.36332,2.59978
FSM,Ketou,April,2008,34.5,24.4,93.4,50.7,76.3,ME,2,552,7.36332,2.59978
FSM,Lalo,December,2007,34.5,23.5,93.4,42.5,3.5,ME,1,165,6.9300647,1.8785304
FSM,Lalo,April,2008,34.5,24.4,93.4,50.7,106.3,ME,1,427,6.9300647,1.8785304
FSM,Lalo,December,2007,34.5,23.5,93.4,42.5,3.5,ME,2,263,6.9300647,1.8785304
FSM,Lalo,April,2008,34.5,24.4,93.4,50.7,106.3,ME,2,738,6.9300647,1.8785304
SGS,Akofodjoule,June,2008,31.8,22.4,93.4,59.8,150.4,ME,1,2769,7.75,2.38289865
SGS,Akofodjoule,June,2008,31.8,22.4,93.4,59.8,150.4,ME,2,3393,7.75,2.38289865
FSM,Ketou,February,2009,35.8,24.7,93,43,22.3,ME,1,100,7.36332,2.59978
FSM,Ketou,March,2009,35.4,24.9,93,50,66.4,ME,1,551,7.36332,2.59978
FSM,Ketou,January,2010,37.5,23.5,93,40,0,ME,1,106,7.36332,2.59978
FSM,Ketou,February,2009,35.8,24.7,93,43,22.3,ME,2,146,7.36332,2.59978
FSM,Ketou,March,2009,35.4,24.9,93,50,66.4,ME,2,536,7.36332,2.59978
FSM,Ketou,January,2010,37.5,23.5,93,40,0,ME,2,126,7.36332,2.59978
FSM,Ketou,March,2009,35.4,24.9,93,50,66.4,ME,3,340,7.36332,2.59978
FSM,Ketou,January,2010,37.5,23.5,93,40,0,ME,3,27,7.36332,2.59978
FSM,Lalo,April,2007,35,24.9,93,50,107.1,ME,1,337,6.9300647,1.8785304
FSM,Lalo,February,2009,35.8,24.7,93,43,0,ME,1,47,6.9300647,1.8785304
FSM,Lalo,March,2009,35.4,24.9,93,50,0,ME,1,73,6.9300647,1.8785304
FSM,Lalo,February,2010,35.8,24.7,93,43,83.5,ME,1,24,6.9300647,1.8785304
FSM,Lalo,March,2010,35.4,24.9,93,50,159.7,ME,1,90,6.9300647,1.8785304
FSM,Lalo,April,2007,35,24.9,93,50,107.1,ME,2,404,6.9300647,1.8785304
FSM,Lalo,February,2009,35.8,24.7,93,43,0,ME,2,34,6.9300647,1.8785304
FSM,Lalo,March,2009,35.4,24.9,93,50,0,ME,2,31,6.9300647,1.8785304
FSM,Lalo,February,2010,35.8,24.7,93,43,83.5,ME,2,21,6.9300647,1.8785304
FSM,Lalo,March,2010,35.4,24.9,93,50,159.7,ME,2,65,6.9300647,1.8785304
NGS,Natitingou,October,2005,33.1,20.6,93,47,107.9,ME,1,856,10.30416,1.37962
NGS,Natitingou,May,2007,33.1,23,93,60,153.9,ME,1,471,10.30416,1.37962
NGS,Natitingou,June,2007,31.8,22.2,93,62,138.3,ME,1,3480,10.30416,1.37962
NGS,Natitingou,May,2007,33.1,23,93,60,153.9,ME,2,526,10.30416,1.37962
NGS,Natitingou,June,2007,31.8,22.2,93,62,138.3,ME,2,2113,10.30416,1.37962
NGS,Natitingou,May,2007,33.1,23,93,60,153.9,ME,3,578,10.30416,1.37962
NGS,Natitingou,June,2007,31.8,22.2,93,62,138.3,ME,3,2549,10.30416,1.37962
NGS,Ndali,October,2005,33.3,22,93,53,85.4,ME,1,416,9.8592172,2.6998899
NGS,Ndali,June,2006,32.9,22.2,93,56,163.4,ME,1,2140,9.8592172,2.6998899
NGS,Ndali,July,2006,32,22.3,93,61,155.3,ME,1,12030,9.8592172,2.6998899
NGS,Ndali,October,2008,33.5,21.8,93,50.6,90.5,ME,1,762,9.8592172,2.6998899
NGS,Ndali,June,2009,31.3,22.4,93,58,174.7,ME,1,4045,9.8592172,2.6998899
NGS,Ndali,May,2010,32.5,23.3,93,58,0,ME,1,570,9.8592172,2.6998899
NGS,Ndali,June,2006,32.9,22.2,93,56,163.4,ME,2,2920,9.8592172,2.6998899
NGS,Ndali,July,2006,32,22.3,93,61,155.3,ME,2,8660,9.8592172,2.6998899
NGS,Ndali,October,2008,33.5,21.8,93,50.6,90.5,ME,2,662,9.8592172,2.6998899
NGS,Ndali,June,2009,31.3,22.4,93,58,174.7,ME,2,3159,9.8592172,2.6998899
NGS,Ndali,May,2010,32.5,23.3,93,58,0,ME,2,475,9.8592172,2.6998899
NGS,Ndali,October,2008,33.5,21.8,93,50.6,90.5,ME,3,766,9.8592172,2.6998899
NGS,Ndali,June,2009,31.3,22.4,93,58,174.7,ME,3,5976,9.8592172,2.6998899
NGS,Ndali,May,2010,32.5,23.3,93,58,0,ME,3,744,9.8592172,2.6998899
NGS,Papatia,May,2007,33.1,23,93,60,153.9,ME,1,467,6.4000211,2.0491574
NGS,Papatia,June,2007,31.8,22.2,93,62,138.3,ME,1,11008,6.4000211,2.0491574
NGS,Papatia,May,2007,33.1,23,93,60,153.9,ME,2,375,6.4000211,2.0491574
NGS,Papatia,June,2007,31.8,22.2,93,62,138.3,ME,2,21848,6.4000211,2.0491574
NGS,Parakou,October,2008,33.5,21.8,93,50.6,90.5,ME,1,666,9.33716,2.63031
NGS,Parakou,June,2009,31.3,22.4,93,58,174.7,ME,1,2722,9.33716,2.63031
NGS,Parakou,May,2010,32.5,23.3,93,58,0,ME,1,643,9.33716,2.63031
NGS,Parakou,October,2008,33.5,21.8,93,50.6,90.5,ME,2,459,9.33716,2.63031
NGS,Parakou,June,2009,31.3,22.4,93,58,174.7,ME,2,2909,9.33716,2.63031
NGS,Parakou,May,2010,32.5,23.3,93,58,0,ME,2,608,9.33716,2.63031
NGS,Parakou,June,2009,31.3,22.4,93,58,174.7,ME,3,9328,9.33716,2.63031
NGS,Parakou,May,2010,32.5,23.3,93,58,0,ME,3,1123,9.33716,2.63031
SGS,Akofodjoule,November,2005,36.3,23.4,93,39,0,ME,1,709,7.75,2.38289865
SGS,Akofodjoule,October,2009,32.3,22.7,93,59,88.4,ME,1,29,7.75,2.38289865
SGS,Akofodjoule,October,2009,32.3,22.7,93,59,88.4,ME,2,27,7.75,2.38289865
SGS,Akofodjoule,October,2009,32.3,22.7,93,59,88.4,ME,3,16,7.75,2.38289865
SGS,Alafiarou1,June,2009,31.3,22.4,93,58,149.4,ME,1,2404,9.8923435,3.4187595
SGS,Alafiarou1,May,2010,32.5,23.3,93,58,0,ME,1,1131,9.8923435,3.4187595
SGS,Alafiarou1,June,2009,31.3,22.4,93,58,149.4,ME,2,2270,9.8923435,3.4187595
SGS,Alafiarou1,May,2010,32.5,23.3,93,58,0,ME,2,2128,9.8923435,3.4187595
SGS,Alafiarou1,June,2009,31.3,22.4,93,58,149.4,ME,3,2746,9.8923435,3.4187595
SGS,Alafiarou1,May,2010,32.5,23.3,93,58,0,ME,3,1371,9.8923435,3.4187595
SGS,Alafiarou2,June,2009,31.3,22.4,93,58,149.4,ME,1,4669,9.8923435,3.4187595
SGS,Alafiarou2,May,2010,32.5,23.3,93,58,0,ME,1,1055,9.8923435,3.4187595
SGS,Alafiarou2,June,2009,31.3,22.4,93,58,149.4,ME,2,7613,9.8923435,3.4187595
SGS,Alafiarou2,May,2010,32.5,23.3,93,58,0,ME,2,555,9.8923435,3.4187595
SGS,Alafiarou2,June,2009,31.3,22.4,93,58,149.4,ME,3,7423,9.8923435,3.4187595
SGS,Alafiarou2,May,2010,32.5,23.3,93,58,0,ME,3,576,9.8923435,3.4187595
SGS,Bassila,October,2005,33.3,22,93,53,112.5,ME,1,148,9.00814,1.6654
SGS,Bassila,June,2006,32.9,22.2,93,56,108.8,ME,1,8941,9.00814,1.6654
SGS,Bassila,July,2006,32,22.3,93,61,91,ME,1,6396,9.00814,1.6654
SGS,Bassila,October,2008,33.5,21.8,93,50.6,62.2,ME,1,443,9.00814,1.6654
SGS,Bassila,June,2009,31.3,22.4,93,58,0,ME,1,8820,9.00814,1.6654
SGS,Bassila,July,2006,33.3,22,93,53,112.5,ME,2,5310,9.00814,1.6654
SGS,Bassila,March,2007,32.9,22.2,93,56,108.8,ME,2,33,9.00814,1.6654
SGS,Bassila,April,2007,32,22.3,93,61,91,ME,2,480,9.00814,1.6654
SGS,Bassila,July,2009,33.5,21.8,93,50.6,62.2,ME,2,3683,9.00814,1.6654
SGS,Bassila,March,2010,31.3,22.4,93,58,0,ME,2,445,9.00814,1.6654
SGS,Bassila,September,2007,33.3,22,93,53,112.5,ME,3,1760,9.00814,1.6654
SGS,Bassila,May,2008,32.9,22.2,93,56,108.8,ME,3,3260,9.00814,1.6654
SGS,Bassila,June,2008,32,22.3,93,61,91,ME,3,4409,9.00814,1.6654
SGS,Tchourou1,June,2009,31.3,22.4,93,58,149.4,ME,1,9626,8.88649,2.59753
SGS,Tchourou1,May,2010,32.5,23.3,93,58,0,ME,1,4194,8.88649,2.59753
SGS,Tchourou1,June,2009,31.3,22.4,93,58,149.4,ME,2,13383,8.88649,2.59753
SGS,Tchourou1,May,2010,32.5,23.3,93,58,0,ME,2,5732,8.88649,2.59753
SGS,Tchourou1,June,2009,31.3,22.4,93,58,149.4,ME,3,9088,8.88649,2.59753
SGS,Tchourou1,May,2010,32.5,23.3,93,58,0,ME,3,4338,8.88649,2.59753
SGS,Tchourou2,June,2009,31.3,22.4,93,58,149.4,ME,1,8443,8.88649,2.59753
SGS,Tchourou2,May,2010,32.5,23.3,93,58,0,ME,1,3356,8.88649,2.59753
SGS,Tchourou2,June,2009,31.3,22.4,93,58,149.4,ME,2,6797,8.88649,2.59753
SGS,Tchourou2,May,2010,32.5,23.3,93,58,0,ME,2,2305,8.88649,2.59753
SGS,Tchourou2,June,2009,31.3,22.4,93,58,149.4,ME,3,13315,8.88649,2.59753
SGS,Tchourou2,May,2010,32.5,23.3,93,58,0,ME,3,3363,8.88649,2.59753
FSM,Ketou,March,2008,35.6,24.8,92.4,45.3,20.7,ME,1,147,7.36332,2.59978
FSM,Ketou,March,2008,35.6,24.8,92.4,45.3,20.7,ME,2,101,7.36332,2.59978
FSM,Lalo,March,2008,35.6,24.8,92.4,45.3,141.2,ME,1,33,6.9300647,1.8785304
FSM,Lalo,March,2008,35.6,24.8,92.4,45.3,141.2,ME,2,35,6.9300647,1.8785304
NGS,Natitingou,May,2008,33.7,22.7,92.2,62.5,135.1,ME,1,14,10.30416,1.37962
NGS,Natitingou,May,2008,33.7,22.7,92.2,62.5,135.1,ME,2,53,10.30416,1.37962
NGS,Natitingou,May,2008,33.7,22.7,92.2,62.5,135.1,ME,3,24,10.30416,1.37962
NGS,Papatia,May,2008,33.7,22.7,92.2,62.5,135.1,ME,1,20,6.4000211,2.0491574
NGS,Papatia,May,2008,33.7,22.7,92.2,62.5,135.1,ME,2,17,6.4000211,2.0491574
FSM,Ketou,February,2010,37.2,25.6,92,37,92,ME,1,35,7.36332,2.59978
FSM,Ketou,March,2010,35.5,25.7,92,47,47.7,ME,1,359,7.36332,2.59978
FSM,Ketou,February,2010,37.2,25.6,92,37,92,ME,2,42,7.36332,2.59978
FSM,Ketou,March,2010,35.5,25.7,92,47,47.7,ME,2,229,7.36332,2.59978
FSM,Ketou,February,2010,37.2,25.6,92,37,92,ME,3,71,7.36332,2.59978
FSM,Ketou,March,2010,35.5,25.7,92,47,47.7,ME,3,178,7.36332,2.59978
NGS,Ndali,May,2006,34.1,22.7,92,53,149.2,ME,1,441,9.8592172,2.6998899
NGS,Ndali,June,2007,32.4,22.3,92,58,169.4,ME,1,1326,9.8592172,2.6998899
NGS,Ndali,July,2009,29.5,21.7,92,65,206.7,ME,1,3934,9.8592172,2.6998899
NGS,Ndali,August,2009,28.9,22.1,92,66,252,ME,1,2195,9.8592172,2.6998899
NGS,Ndali,May,2006,34.1,22.7,92,53,149.2,ME,2,271,9.8592172,2.6998899
NGS,Ndali,June,2007,32.4,22.3,92,58,169.4,ME,2,1386,9.8592172,2.6998899
NGS,Ndali,July,2009,29.5,21.7,92,65,206.7,ME,2,3340,9.8592172,2.6998899
NGS,Ndali,August,2009,28.9,22.1,92,66,252,ME,2,1362,9.8592172,2.6998899
NGS,Ndali,June,2007,32.4,22.3,92,58,169.4,ME,3,1203,9.8592172,2.6998899
NGS,Ndali,July,2009,29.5,21.7,92,65,206.7,ME,3,3420,9.8592172,2.6998899
NGS,Ndali,August,2009,28.9,22.1,92,66,252,ME,3,1394,9.8592172,2.6998899
NGS,Parakou,June,2007,32.4,22.3,92,58,169.4,ME,1,8832,9.33716,2.63031
NGS,Parakou,July,2009,29.5,21.7,92,65,206.7,ME,1,1047,9.33716,2.63031
NGS,Parakou,August,2009,28.9,22.1,92,66,252,ME,1,528,9.33716,2.63031
NGS,Parakou,June,2007,32.4,22.3,92,58,169.4,ME,2,7946,9.33716,2.63031
NGS,Parakou,July,2009,29.5,21.7,92,65,206.7,ME,2,1202,9.33716,2.63031
NGS,Parakou,August,2009,28.9,22.1,92,66,252,ME,2,474,9.33716,2.63031
NGS,Parakou,July,2009,29.5,21.7,92,65,206.7,ME,3,5217,9.33716,2.63031
NGS,Parakou,August,2009,28.9,22.1,92,66,252,ME,3,619,9.33716,2.63031
SGS,Akofodjoule,March,2005,36.5,24.5,92,48,40.7,ME,1,4,7.75,2.38289865
SGS,Akofodjoule,January,2006,35.8,23.8,92,44,46.1,ME,1,407,7.75,2.38289865
SGS,Akofodjoule,April,2007,35,24.4,92,51,125.8,ME,1,73,7.75,2.38289865
SGS,Akofodjoule,May,2008,33.8,22.9,92,51.4,184.4,ME,1,2216,7.75,2.38289865
SGS,Akofodjoule,April,2009,34.1,23.3,92,53,164.3,ME,1,574,7.75,2.38289865
SGS,Akofodjoule,May,2009,37,23.6,92,53,83.5,ME,1,5472,7.75,2.38289865
SGS,Akofodjoule,May,2010,33.6,24.1,92,57,123.1,ME,1,2927,7.75,2.38289865
SGS,Akofodjoule,June,2010,32.9,23.8,92,57,143.4,ME,1,3794,7.75,2.38289865
SGS,Akofodjoule,April,2007,35,24.4,92,51,125.8,ME,2,129,7.75,2.38289865
SGS,Akofodjoule,May,2008,33.8,22.9,92,51.4,184.4,ME,2,2206,7.75,2.38289865
SGS,Akofodjoule,April,2009,34.1,23.3,92,53,164.3,ME,2,558,7.75,2.38289865
SGS,Akofodjoule,May,2009,37,23.6,92,53,83.5,ME,2,7415,7.75,2.38289865
SGS,Akofodjoule,May,2010,33.6,24.1,92,57,123.1,ME,2,4744,7.75,2.38289865
SGS,Akofodjoule,June,2010,32.9,23.8,92,57,143.4,ME,2,2323,7.75,2.38289865
SGS,Akofodjoule,April,2009,34.1,23.3,92,53,164.3,ME,3,401,7.75,2.38289865
SGS,Akofodjoule,May,2009,37,23.6,92,53,83.5,ME,3,4804,7.75,2.38289865
SGS,Akofodjoule,May,2010,33.6,24.1,92,57,123.1,ME,3,5522,7.75,2.38289865
SGS,Akofodjoule,June,2010,32.9,23.8,92,57,143.4,ME,3,2658,7.75,2.38289865
SGS,Alafiarou1,July,2009,29.5,21.7,92,65,312.1,ME,1,4332,9.8923435,3.4187595
SGS,Alafiarou1,August,2009,28.9,22.1,92,66,129,ME,1,153,9.8923435,3.4187595
SGS,Alafiarou1,July,2009,29.5,21.7,92,65,312.1,ME,2,3946,9.8923435,3.4187595
SGS,Alafiarou1,August,2009,28.9,22.1,92,66,129,ME,2,330,9.8923435,3.4187595
SGS,Alafiarou1,July,2009,29.5,21.7,92,65,312.1,ME,3,4752,9.8923435,3.4187595
SGS,Alafiarou1,August,2009,28.9,22.1,92,66,129,ME,3,310,9.8923435,3.4187595
SGS,Alafiarou2,July,2009,29.5,21.7,92,65,312.1,ME,1,6264,9.8923435,3.4187595
SGS,Alafiarou2,August,2009,28.9,22.1,92,66,129,ME,1,634,9.8923435,3.4187595
SGS,Alafiarou2,July,2009,29.5,21.7,92,65,312.1,ME,2,6545,9.8923435,3.4187595
SGS,Alafiarou2,August,2009,28.9,22.1,92,66,129,ME,2,845,9.8923435,3.4187595
SGS,Alafiarou2,July,2009,29.5,21.7,92,65,312.1,ME,3,7950,9.8923435,3.4187595
SGS,Alafiarou2,August,2009,28.9,22.1,92,66,129,ME,3,1090,9.8923435,3.4187595
SGS,Bassila,May,2006,34.1,22.7,92,53,168.7,ME,1,2567,9.00814,1.6654
SGS,Bassila,June,2007,32.4,22.3,92,58,117.2,ME,1,25301,9.00814,1.6654
SGS,Bassila,July,2009,29.5,21.7,92,65,182,ME,1,4273,9.00814,1.6654
SGS,Bassila,August,2009,28.9,22.1,92,66,198.7,ME,1,860,9.00814,1.6654
SGS,Bassila,February,2007,34.1,22.7,92,53,168.7,ME,2,19,9.00814,1.6654
SGS,Bassila,March,2008,32.4,22.3,92,58,117.2,ME,2,27,9.00814,1.6654
SGS,Bassila,April,2008,34.1,22.7,92,53,168.7,ME,3,75,9.00814,1.6654
SGS,Bassila,May,2009,32.4,22.3,92,58,117.2,ME,3,14519,9.00814,1.6654
SGS,Mondjigangan,May,2010,33.6,24.1,92,57,123.1,ME,1,6618,7.7800922,2.1795043
SGS,Mondjigangan,June,2010,32.9,23.8,92,57,143.4,ME,1,7456,7.7800922,2.1795043
SGS,Mondjigangan,May,2010,33.6,24.1,92,57,123.1,ME,2,2872,7.7800922,2.1795043
SGS,Mondjigangan,June,2010,32.9,23.8,92,57,143.4,ME,2,5643,7.7800922,2.1795043
SGS,Mondjigangan,May,2010,33.6,24.1,92,57,123.1,ME,3,3222,7.7800922,2.1795043
SGS,Mondjigangan,June,2010,32.9,23.8,92,57,143.4,ME,3,4902,7.7800922,2.1795043
SGS,Tchourou1,July,2009,29.5,21.7,92,65,312.1,ME,1,4365,8.88649,2.59753
SGS,Tchourou1,August,2009,28.9,22.1,92,66,129,ME,1,351,8.88649,2.59753
SGS,Tchourou1,July,2009,29.5,21.7,92,65,312.1,ME,2,5839,8.88649,2.59753
SGS,Tchourou1,August,2009,28.9,22.1,92,66,129,ME,2,452,8.88649,2.59753
SGS,Tchourou1,July,2009,29.5,21.7,92,65,312.1,ME,3,4198,8.88649,2.59753
SGS,Tchourou1,August,2009,28.9,22.1,92,66,129,ME,3,380,8.88649,2.59753
SGS,Tchourou2,July,2009,29.5,21.7,92,65,312.1,ME,1,7259,8.88649,2.59753
SGS,Tchourou2,August,2009,28.9,22.1,92,66,129,ME,1,274,8.88649,2.59753
SGS,Tchourou2,July,2009,29.5,21.7,92,65,312.1,ME,2,6062,8.88649,2.59753
SGS,Tchourou2,August,2009,28.9,22.1,92,66,129,ME,2,94,8.88649,2.59753
SGS,Tchourou2,July,2009,29.5,21.7,92,65,312.1,ME,3,12300,8.88649,2.59753
SGS,Tchourou2,August,2009,28.9,22.1,92,66,129,ME,3,592,8.88649,2.59753
NGS,Ndali,May,2007,34.1,23.1,91,55,213.1,ME,1,396,9.8592172,2.6998899
NGS,Ndali,July,2007,30.9,22,91,62,65.1,ME,1,11295,9.8592172,2.6998899
NGS,Ndali,May,2007,34.1,23.1,91,55,213.1,ME,2,349,9.8592172,2.6998899
NGS,Ndali,July,2007,30.9,22,91,62,65.1,ME,2,10975,9.8592172,2.6998899
NGS,Ndali,May,2007,34.1,23.1,91,55,213.1,ME,3,347,9.8592172,2.6998899
NGS,Ndali,July,2007,30.9,22,91,62,65.1,ME,3,16963,9.8592172,2.6998899
NGS,Parakou,May,2007,34.1,23.1,91,55,213.1,ME,1,262,9.33716,2.63031
NGS,Parakou,July,2007,30.9,22,91,62,65.1,ME,1,10953,9.33716,2.63031
NGS,Parakou,May,2007,34.1,23.1,91,55,213.1,ME,2,483,9.33716,2.63031
NGS,Parakou,July,2007,30.9,22,91,62,65.1,ME,2,8350,9.33716,2.63031
SGS,Akofodjoule,December,2004,35.7,23.5,91,40,0,ME,1,67,7.75,2.38289865
SGS,Akofodjoule,February,2005,37.9,24.8,91,36,0,ME,1,65,7.75,2.38289865
SGS,Akofodjoule,March,2006,37,24.1,91,42,0,ME,1,432,7.75,2.38289865
SGS,Akofodjoule,April,2006,37.2,24.8,91,44,81.8,ME,1,7553,7.75,2.38289865
SGS,Bassila,May,2007,34.1,23.1,91,55,148.3,ME,1,6167,9.00814,1.6654
SGS,Bassila,July,2007,30.9,22,91,62,101,ME,1,11730,9.00814,1.6654
SGS,Bassila,February,2008,34.1,23.1,91,55,148.3,ME,2,15,9.00814,1.6654
SGS,Bassila,April,2008,30.9,22,91,62,101,ME,2,111,9.00814,1.6654
SGS,Bassila,April,2009,34.1,23.1,91,55,148.3,ME,3,2567,9.00814,1.6654
SGS,Bassila,June,2009,30.9,22,91,62,101,ME,3,12305,9.00814,1.6654
SGS,Akofodjoule,November,2008,35.9,23.3,90.6,38,0,ME,1,33,7.75,2.38289865
SGS,Akofodjoule,November,2008,35.9,23.3,90.6,38,0,ME,2,32,7.75,2.38289865
NGS,Natitingou,May,2005,33.8,23.2,90,54,109.2,ME,1,2830,10.30416,1.37962
NGS,Natitingou,May,2009,34.6,23.5,90,59,67.5,ME,1,3051,10.30416,1.37962
NGS,Natitingou,May,2009,34.6,23.5,90,59,67.5,ME,2,5548,10.30416,1.37962
NGS,Natitingou,May,2009,34.6,23.5,90,59,67.5,ME,3,3224,10.30416,1.37962
NGS,Ndali,November,2007,35.7,22,90,38,2.1,ME,1,135,9.8592172,2.6998899
NGS,Ndali,May,2009,33.6,23.4,90,50,94.5,ME,1,1938,9.8592172,2.6998899
NGS,Ndali,November,2007,35.7,22,90,38,2.1,ME,2,162,9.8592172,2.6998899
NGS,Ndali,May,2009,33.6,23.4,90,50,94.5,ME,2,1780,9.8592172,2.6998899
NGS,Ndali,November,2007,35.7,22,90,38,2.1,ME,3,133,9.8592172,2.6998899
NGS,Ndali,May,2009,33.6,23.4,90,50,94.5,ME,3,2317,9.8592172,2.6998899
NGS,Papatia,May,2009,34.6,23.5,90,59,67.5,ME,1,1668,6.4000211,2.0491574
NGS,Papatia,May,2009,34.6,23.5,90,59,67.5,ME,2,966,6.4000211,2.0491574
NGS,Papatia,May,2009,34.6,23.5,90,59,67.5,ME,3,993,6.4000211,2.0491574
NGS,Parakou,November,2007,35.7,22,90,38,2.1,ME,1,72,9.33716,2.63031
NGS,Parakou,May,2009,33.6,23.4,90,50,94.5,ME,1,793,9.33716,2.63031
NGS,Parakou,November,2007,35.7,22,90,38,2.1,ME,2,66,9.33716,2.63031
NGS,Parakou,May,2009,33.6,23.4,90,50,94.5,ME,2,1182,9.33716,2.63031
NGS,Parakou,May,2009,33.6,23.4,90,50,94.5,ME,3,3245,9.33716,2.63031
SGS,Akofodjoule,February,2006,38,24.6,90,37,0,ME,1,590,7.75,2.38289865
SGS,Akofodjoule,February,2009,37.2,24.2,90,36,0,ME,1,322,7.75,2.38289865
SGS,Akofodjoule,April,2010,36.3,24.9,90,46,105.8,ME,1,191,7.75,2.38289865
SGS,Akofodjoule,July,2010,30.6,22.7,90,62,217.8,ME,1,975,7.75,2.38289865
SGS,Akofodjoule,February,2009,37.2,24.2,90,36,0,ME,2,228,7.75,2.38289865
SGS,Akofodjoule,April,2010,36.3,24.9,90,46,105.8,ME,2,178,7.75,2.38289865
SGS,Akofodjoule,July,2010,30.6,22.7,90,62,217.8,ME,2,1025,7.75,2.38289865
SGS,Akofodjoule,February,2009,37.2,24.2,90,36,0,ME,3,46,7.75,2.38289865
SGS,Akofodjoule,April,2010,36.3,24.9,90,46,105.8,ME,3,5,7.75,2.38289865
SGS,Akofodjoule,July,2010,30.6,22.7,90,62,217.8,ME,3,1070,7.75,2.38289865
SGS,Alafiarou1,May,2009,33.6,23.4,90,50,208.4,ME,1,923,9.8923435,3.4187595
SGS,Alafiarou1,May,2009,33.6,23.4,90,50,208.4,ME,2,1213,9.8923435,3.4187595
SGS,Alafiarou1,May,2009,33.6,23.4,90,50,208.4,ME,3,395,9.8923435,3.4187595
SGS,Alafiarou2,May,2009,33.6,23.4,90,50,208.4,ME,1,2165,9.8923435,3.4187595
SGS,Alafiarou2,May,2009,33.6,23.4,90,50,208.4,ME,2,2365,9.8923435,3.4187595
SGS,Alafiarou2,May,2009,33.6,23.4,90,50,208.4,ME,3,1347,9.8923435,3.4187595
SGS,Bassila,November,2007,35.7,22,90,38,2,ME,1,918,9.00814,1.6654
SGS,Bassila,May,2009,33.6,23.4,90,50,127.7,ME,1,10795,9.00814,1.6654
SGS,Bassila,August,2008,35.7,22,90,38,2,ME,2,2102,9.00814,1.6654
SGS,Bassila,February,2010,33.6,23.4,90,50,127.7,ME,2,94,9.00814,1.6654
SGS,Bassila,October,2009,35.7,22,90,38,2,ME,3,70,9.00814,1.6654
SGS,Mondjigangan,April,2010,36.3,24.9,90,46,105.8,ME,1,123,7.7800922,2.1795043
SGS,Mondjigangan,July,2010,30.6,22.7,90,62,217.8,ME,1,3725,7.7800922,2.1795043
SGS,Mondjigangan,April,2010,36.3,24.9,90,46,105.8,ME,2,52,7.7800922,2.1795043
SGS,Mondjigangan,July,2010,30.6,22.7,90,62,217.8,ME,2,2920,7.7800922,2.1795043
SGS,Mondjigangan,April,2010,36.3,24.9,90,46,105.8,ME,3,85,7.7800922,2.1795043
SGS,Mondjigangan,July,2010,30.6,22.7,90,62,217.8,ME,3,2958,7.7800922,2.1795043
SGS,Tchourou1,May,2009,33.6,23.4,90,50,208.4,ME,1,4083,8.88649,2.59753
SGS,Tchourou1,May,2009,33.6,23.4,90,50,208.4,ME,2,5713,8.88649,2.59753
SGS,Tchourou1,May,2009,33.6,23.4,90,50,208.4,ME,3,700,8.88649,2.59753
SGS,Tchourou2,May,2009,33.6,23.4,90,50,208.4,ME,1,1349,8.88649,2.59753
SGS,Tchourou2,May,2009,33.6,23.4,90,50,208.4,ME,2,1399,8.88649,2.59753
SGS,Tchourou2,May,2009,33.6,23.4,90,50,208.4,ME,3,575,8.88649,2.59753
NGS,Natitingou,June,2008,32.3,20.9,89.7,66,180.9,ME,1,1884,10.30416,1.37962
NGS,Natitingou,June,2008,32.3,20.9,89.7,66,180.9,ME,2,880,10.30416,1.37962
NGS,Natitingou,June,2008,32.3,20.9,89.7,66,180.9,ME,3,1254,10.30416,1.37962
NGS,Papatia,June,2008,32.3,20.9,89.7,66,180.9,ME,1,479,6.4000211,2.0491574
NGS,Papatia,June,2008,32.3,20.9,89.7,66,180.9,ME,2,302,6.4000211,2.0491574
FSM,Ketou,February,2008,37.1,24.4,89.2,28,0,ME,1,186,7.36332,2.59978
FSM,Ketou,February,2008,37.1,24.4,89.2,28,0,ME,2,198,7.36332,2.59978
FSM,Lalo,February,2008,37.1,24.4,89.2,28,0,ME,1,244,6.9300647,1.8785304
FSM,Lalo,February,2008,37.1,24.4,89.2,28,0,ME,2,101,6.9300647,1.8785304
SGS,Akofodjoule,April,2008,35.9,24.2,89.1,41.8,39.5,ME,1,167,7.75,2.38289865
SGS,Akofodjoule,April,2008,35.9,24.2,89.1,41.8,39.5,ME,2,182,7.75,2.38289865
NGS,Natitingou,April,2009,35.2,23.5,89,57,129.5,ME,1,570,10.30416,1.37962
NGS,Natitingou,April,2009,35.2,23.5,89,57,129.5,ME,2,952,10.30416,1.37962
NGS,Natitingou,April,2009,35.2,23.5,89,57,129.5,ME,3,507,10.30416,1.37962
NGS,Ndali,May,2008,34.5,22.8,89,49.8,191.7,ME,1,23,9.8592172,2.6998899
NGS,Ndali,May,2008,34.5,22.8,89,49.8,191.7,ME,2,6,9.8592172,2.6998899
NGS,Ndali,May,2008,34.5,22.8,89,49.8,191.7,ME,3,24,9.8592172,2.6998899
NGS,Papatia,April,2009,35.2,23.5,89,57,129.5,ME,1,95,6.4000211,2.0491574
NGS,Papatia,April,2009,35.2,23.5,89,57,129.5,ME,2,66,6.4000211,2.0491574
NGS,Papatia,April,2009,35.2,23.5,89,57,129.5,ME,3,72,6.4000211,2.0491574
NGS,Parakou,May,2008,34.5,22.8,89,49.8,191.7,ME,1,76,9.33716,2.63031
NGS,Parakou,May,2008,34.5,22.8,89,49.8,191.7,ME,2,95,9.33716,2.63031
SGS,Akofodjoule,March,2007,38,24.8,89,32,34.4,ME,1,36,7.75,2.38289865
SGS,Bassila,May,2005,34.4,23.4,89,47,132.5,ME,1,5058,9.00814,1.6654
SGS,Bassila,May,2008,34.5,22.8,89,49.8,235.2,ME,1,2886,9.00814,1.6654
SGS,Bassila,February,2006,34.4,23.4,89,47,132.5,ME,2,60,9.00814,1.6654
SGS,Bassila,February,2009,34.5,22.8,89,49.8,235.2,ME,2,392,9.00814,1.6654
SGS,Bassila,April,2007,34.4,23.4,89,47,132.5,ME,3,352,9.00814,1.6654
NGS,Ndali,April,2007,36.2,23.8,88,45,95.2,ME,1,4,9.8592172,2.6998899
NGS,Ndali,April,2010,35.9,24.5,88,43,130.4,ME,1,14,9.8592172,2.6998899
NGS,Ndali,April,2007,36.2,23.8,88,45,95.2,ME,2,3,9.8592172,2.6998899
NGS,Ndali,April,2010,35.9,24.5,88,43,130.4,ME,2,3,9.8592172,2.6998899
NGS,Ndali,April,2010,35.9,24.5,88,43,130.4,ME,3,35,9.8592172,2.6998899
NGS,Parakou,April,2010,35.9,24.5,88,43,130.4,ME,1,29,9.33716,2.63031
NGS,Parakou,April,2010,35.9,24.5,88,43,130.4,ME,2,36,9.33716,2.63031
NGS,Parakou,April,2010,35.9,24.5,88,43,130.4,ME,3,111,9.33716,2.63031
SGS,Akofodjoule,February,2007,38,24.2,88,28,0,ME,1,2,7.75,2.38289865
SGS,Akofodjoule,March,2009,37.3,24.5,88,38,16.1,ME,1,11,7.75,2.38289865
SGS,Akofodjoule,December,2009,37.2,23.2,88,29,0,ME,1,41,7.75,2.38289865
SGS,Akofodjoule,March,2009,37.3,24.5,88,38,16.1,ME,2,9,7.75,2.38289865
SGS,Akofodjoule,December,2009,37.2,23.2,88,29,0,ME,2,53,7.75,2.38289865
SGS,Akofodjoule,March,2009,37.3,24.5,88,38,16.1,ME,3,13,7.75,2.38289865
SGS,Akofodjoule,December,2009,37.2,23.2,88,29,0,ME,3,61,7.75,2.38289865
SGS,Alafiarou1,April,2010,35.9,24.5,88,43,155.9,ME,1,283,9.8923435,3.4187595
SGS,Alafiarou1,April,2010,35.9,24.5,88,43,155.9,ME,2,392,9.8923435,3.4187595
SGS,Alafiarou1,April,2010,35.9,24.5,88,43,155.9,ME,3,291,9.8923435,3.4187595
SGS,Alafiarou2,April,2010,35.9,24.5,88,43,155.9,ME,1,60,9.8923435,3.4187595
SGS,Alafiarou2,April,2010,35.9,24.5,88,43,155.9,ME,2,25,9.8923435,3.4187595
SGS,Alafiarou2,April,2010,35.9,24.5,88,43,155.9,ME,3,19,9.8923435,3.4187595
SGS,Bassila,April,2007,36.2,23.8,88,45,163.7,ME,1,1609,9.00814,1.6654
SGS,Bassila,January,2008,36.2,23.8,88,45,163.7,ME,2,46,9.00814,1.6654
SGS,Bassila,March,2009,36.2,23.8,88,45,163.7,ME,3,1923,9.00814,1.6654
SGS,Tchourou1,April,2010,35.9,24.5,88,43,155.9,ME,1,214,8.88649,2.59753
SGS,Tchourou1,April,2010,35.9,24.5,88,43,155.9,ME,2,163,8.88649,2.59753
SGS,Tchourou1,April,2010,35.9,24.5,88,43,155.9,ME,3,93,8.88649,2.59753
SGS,Tchourou2,April,2010,35.9,24.5,88,43,155.9,ME,1,35,8.88649,2.59753
SGS,Tchourou2,April,2010,35.9,24.5,88,43,155.9,ME,2,47,8.88649,2.59753
SGS,Tchourou2,April,2010,35.9,24.5,88,43,155.9,ME,3,34,8.88649,2.59753
SGS,Akofodjoule,March,2008,37,24.3,87.8,37,44.1,ME,1,134,7.75,2.38289865
SGS,Akofodjoule,March,2008,37,24.3,87.8,37,44.1,ME,2,103,7.75,2.38289865
NGS,Natitingou,April,2007,34.8,23.8,87,53,97.8,ME,1,2,10.30416,1.37962
NGS,Natitingou,November,2009,34.1,20.2,87,42,54,ME,1,91,10.30416,1.37962
NGS,Natitingou,April,2007,34.8,23.8,87,53,97.8,ME,2,2,10.30416,1.37962
NGS,Natitingou,November,2009,34.1,20.2,87,42,54,ME,2,167,10.30416,1.37962
NGS,Natitingou,April,2007,34.8,23.8,87,53,97.8,ME,3,1,10.30416,1.37962
NGS,Natitingou,November,2009,34.1,20.2,87,42,54,ME,3,136,10.30416,1.37962
NGS,Ndali,April,2009,36.4,23.4,87,39,14.2,ME,1,312,9.8592172,2.6998899
NGS,Ndali,April,2009,36.4,23.4,87,39,14.2,ME,2,239,9.8592172,2.6998899
NGS,Ndali,April,2009,36.4,23.4,87,39,14.2,ME,3,282,9.8592172,2.6998899
NGS,Papatia,November,2009,34.1,20.2,87,42,54,ME,1,90,6.4000211,2.0491574
NGS,Papatia,November,2009,34.1,20.2,87,42,54,ME,2,61,6.4000211,2.0491574
NGS,Papatia,November,2009,34.1,20.2,87,42,54,ME,3,77,6.4000211,2.0491574
NGS,Parakou,April,2009,36.4,23.4,87,39,14.2,ME,1,104,9.33716,2.63031
NGS,Parakou,April,2009,36.4,23.4,87,39,14.2,ME,2,144,9.33716,2.63031
NGS,Parakou,April,2009,36.4,23.4,87,39,14.2,ME,3,383,9.33716,2.63031
SGS,Alafiarou1,April,2009,36.4,23.4,87,39,115.3,ME,1,181,9.8923435,3.4187595
SGS,Alafiarou1,April,2009,36.4,23.4,87,39,115.3,ME,2,29,9.8923435,3.4187595
SGS,Alafiarou2,April,2009,36.4,23.4,87,39,115.3,ME,1,153,9.8923435,3.4187595
SGS,Alafiarou2,April,2009,36.4,23.4,87,39,115.3,ME,2,416,9.8923435,3.4187595
SGS,Bassila,April,2009,36.4,23.4,87,39,60.1,ME,1,1891,9.00814,1.6654
SGS,Bassila,January,2010,36.4,23.4,87,39,60.1,ME,2,137,9.00814,1.6654
SGS,Tchourou1,April,2009,36.4,23.4,87,39,115.3,ME,1,1076,8.88649,2.59753
SGS,Tchourou1,April,2009,36.4,23.4,87,39,115.3,ME,2,193,8.88649,2.59753
SGS,Tchourou2,April,2009,36.4,23.4,87,39,115.3,ME,1,226,8.88649,2.59753
SGS,Tchourou2,April,2009,36.4,23.4,87,39,115.3,ME,2,177,8.88649,2.59753
FSM,Ketou,January,2009,35.4,23.7,86,34,0,ME,1,86,7.36332,2.59978
FSM,Ketou,January,2009,35.4,23.7,86,34,0,ME,2,80,7.36332,2.59978
FSM,Lalo,January,2009,35.4,23.7,86,34,0,ME,1,59,6.9300647,1.8785304
FSM,Lalo,January,2010,35.4,23.7,86,34,0,ME,1,87,6.9300647,1.8785304
FSM,Lalo,January,2009,35.4,23.7,86,34,0,ME,2,72,6.9300647,1.8785304
FSM,Lalo,January,2010,35.4,23.7,86,34,0,ME,2,160,6.9300647,1.8785304
SGS,Akofodjoule,November,2006,35.9,21.5,86,36,0,ME,1,41,7.75,2.38289865
SGS,Akofodjoule,November,2009,34.6,22.1,86,41,5.7,ME,1,29,7.75,2.38289865
SGS,Akofodjoule,January,2010,37.5,23.5,86,28,0,ME,1,78,7.75,2.38289865
SGS,Akofodjoule,February,2010,39.1,24.6,86,29,23.5,ME,1,12,7.75,2.38289865
SGS,Akofodjoule,March,2010,37.8,25.4,86,33,10.5,ME,1,8,7.75,2.38289865
SGS,Akofodjoule,November,2009,34.6,22.1,86,41,5.7,ME,2,10,7.75,2.38289865
SGS,Akofodjoule,January,2010,37.5,23.5,86,28,0,ME,2,71,7.75,2.38289865
SGS,Akofodjoule,February,2010,39.1,24.6,86,29,23.5,ME,2,7,7.75,2.38289865
SGS,Akofodjoule,March,2010,37.8,25.4,86,33,10.5,ME,2,14,7.75,2.38289865
SGS,Akofodjoule,November,2009,34.6,22.1,86,41,5.7,ME,3,45,7.75,2.38289865
SGS,Akofodjoule,January,2010,37.5,23.5,86,28,0,ME,3,5,7.75,2.38289865
SGS,Akofodjoule,February,2010,39.1,24.6,86,29,23.5,ME,3,13,7.75,2.38289865
SGS,Akofodjoule,March,2010,37.8,25.4,86,33,10.5,ME,3,13,7.75,2.38289865
SGS,Akofodjoule,December,2008,36.1,23,85.5,33.9,0,ME,1,15,7.75,2.38289865
SGS,Akofodjoule,December,2008,36.1,23,85.5,33.9,0,ME,2,12,7.75,2.38289865
SGS,Akofodjoule,December,2007,35.6,22.1,84.8,34.6,0,ME,1,53,7.75,2.38289865
SGS,Akofodjoule,December,2007,35.6,22.1,84.8,34.6,0,ME,2,35,7.75,2.38289865
NGS,Ndali,April,2006,38.8,24.6,84,32,15,ME,1,122,9.8592172,2.6998899
NGS,Ndali,April,2006,38.8,24.6,84,32,15,ME,2,36,9.8592172,2.6998899
SGS,Bassila,April,2006,38.8,24.6,84,32,25.8,ME,1,1638,9.00814,1.6654
SGS,Bassila,January,2007,38.8,24.6,84,32,25.8,ME,2,47,9.00814,1.6654
SGS,Bassila,March,2008,38.8,24.6,84,32,25.8,ME,3,54,9.00814,1.6654
NGS,Natitingou,April,2008,37.6,24.2,83.9,49.6,72,ME,1,15,10.30416,1.37962
NGS,Natitingou,April,2008,37.6,24.2,83.9,49.6,72,ME,2,67,10.30416,1.37962
NGS,Natitingou,April,2008,37.6,24.2,83.9,49.6,72,ME,3,5,10.30416,1.37962
NGS,Papatia,April,2008,37.6,24.2,83.9,49.6,72,ME,1,0,6.4000211,2.0491574
NGS,Papatia,April,2008,37.6,24.2,83.9,49.6,72,ME,2,0,6.4000211,2.0491574
NGS,Ndali,April,2008,37.1,24,83.5,35.5,62.1,ME,1,18,9.8592172,2.6998899
NGS,Ndali,April,2008,37.1,24,83.5,35.5,62.1,ME,2,18,9.8592172,2.6998899
NGS,Ndali,April,2008,37.1,24,83.5,35.5,62.1,ME,3,17,9.8592172,2.6998899
NGS,Parakou,April,2008,37.1,24,83.5,35.5,62.1,ME,1,12,9.33716,2.63031
NGS,Parakou,April,2008,37.1,24,83.5,35.5,62.1,ME,2,4,9.33716,2.63031
SGS,Bassila,April,2008,37.1,24,83.5,35.5,103.5,ME,1,119,9.00814,1.6654
SGS,Bassila,January,2009,37.1,24,83.5,35.5,103.5,ME,2,295,9.00814,1.6654
SGS,Bassila,March,2010,37.1,24,83.5,35.5,103.5,ME,3,314,9.00814,1.6654
NGS,Ndali,February,2009,38.7,23.7,83,23,0,ME,1,52,9.8592172,2.6998899
NGS,Ndali,February,2009,38.7,23.7,83,23,0,ME,2,105,9.8592172,2.6998899
NGS,Ndali,February,2009,38.7,23.7,83,23,0,ME,3,52,9.8592172,2.6998899
NGS,Parakou,February,2009,38.7,23.7,83,23,0,ME,1,13,9.33716,2.63031
NGS,Parakou,February,2009,38.7,23.7,83,23,0,ME,2,17,9.33716,2.63031
SGS,Bassila,February,2009,38.7,23.7,83,23,0,ME,1,371,9.00814,1.6654
SGS,Bassila,November,2009,38.7,23.7,83,23,0,ME,2,44,9.00814,1.6654
NGS,Natitingou,November,2008,36.3,18.2,82.1,40.1,1.1,ME,1,392,10.30416,1.37962
NGS,Natitingou,November,2008,36.3,18.2,82.1,40.1,1.1,ME,2,103,10.30416,1.37962
NGS,Natitingou,November,2008,36.3,18.2,82.1,40.1,1.1,ME,3,205,10.30416,1.37962
NGS,Papatia,November,2008,36.3,18.2,82.1,40.1,1.1,ME,1,97,6.4000211,2.0491574
NGS,Papatia,November,2008,36.3,18.2,82.1,40.1,1.1,ME,2,115,6.4000211,2.0491574
NGS,Ndali,November,2005,36.9,21.5,82,25,0,ME,1,147,9.8592172,2.6998899
NGS,Ndali,March,2009,38.9,24.5,82,17,30.4,ME,1,198,9.8592172,2.6998899
NGS,Ndali,March,2009,38.9,24.5,82,17,30.4,ME,2,187,9.8592172,2.6998899
NGS,Ndali,March,2009,38.9,24.5,82,17,30.4,ME,3,319,9.8592172,2.6998899
NGS,Parakou,March,2009,38.9,24.5,82,17,30.4,ME,1,67,9.33716,2.63031
NGS,Parakou,March,2009,38.9,24.5,82,17,30.4,ME,2,50,9.33716,2.63031
NGS,Parakou,March,2009,38.9,24.5,82,17,30.4,ME,3,138,9.33716,2.63031
SGS,Bassila,November,2005,36.9,21.5,82,25,0,ME,1,69,9.00814,1.6654
SGS,Bassila,March,2009,38.9,24.5,82,17,67.7,ME,1,2395,9.00814,1.6654
SGS,Bassila,August,2006,36.9,21.5,82,25,0,ME,2,1406,9.00814,1.6654
SGS,Bassila,December,2009,38.9,24.5,82,17,67.7,ME,2,156,9.00814,1.6654
SGS,Bassila,October,2007,36.9,21.5,82,25,0,ME,3,1794,9.00814,1.6654
NGS,Ndali,March,2008,39.4,24.1,80.3,23.7,20.5,ME,1,6,9.8592172,2.6998899
NGS,Ndali,March,2008,39.4,24.1,80.3,23.7,20.5,ME,2,7,9.8592172,2.6998899
NGS,Ndali,March,2008,39.4,24.1,80.3,23.7,20.5,ME,3,3,9.8592172,2.6998899
NGS,Parakou,March,2008,39.4,24.1,80.3,23.7,20.5,ME,1,3,9.33716,2.63031
NGS,Parakou,March,2008,39.4,24.1,80.3,23.7,20.5,ME,2,6,9.33716,2.63031
SGS,Bassila,March,2008,39.4,24.1,80.3,23.7,5.7,ME,1,12,9.00814,1.6654
SGS,Bassila,December,2008,39.4,24.1,80.3,23.7,5.7,ME,2,256,9.00814,1.6654
SGS,Bassila,February,2010,39.4,24.1,80.3,23.7,5.7,ME,3,89,9.00814,1.6654
NGS,Ndali,March,2006,38.7,24.3,80,30,0,ME,1,142,9.8592172,2.6998899
NGS,Ndali,March,2006,38.7,24.3,80,30,0,ME,2,14,9.8592172,2.6998899
SGS,Akofodjoule,December,2006,36.7,20.8,80,37,0,ME,1,57,7.75,2.38289865
SGS,Bassila,March,2006,38.7,24.3,80,30,0,ME,1,1603,9.00814,1.6654
SGS,Bassila,December,2006,38.7,24.3,80,30,0,ME,2,122,9.00814,1.6654
SGS,Bassila,February,2008,38.7,24.3,80,30,0,ME,3,71,9.00814,1.6654
NGS,Ndali,November,2008,36.7,21.1,79.5,23.3,0,ME,1,163,9.8592172,2.6998899
NGS,Ndali,November,2008,36.7,21.1,79.5,23.3,0,ME,2,167,9.8592172,2.6998899
NGS,Ndali,November,2008,36.7,21.1,79.5,23.3,0,ME,3,187,9.8592172,2.6998899
NGS,Parakou,November,2008,36.7,21.1,79.5,23.3,0,ME,1,126,9.33716,2.63031
NGS,Parakou,November,2008,36.7,21.1,79.5,23.3,0,ME,2,116,9.33716,2.63031
SGS,Bassila,November,2008,36.7,21.1,79.5,23.3,0,ME,1,618,9.00814,1.6654
SGS,Bassila,August,2009,36.7,21.1,79.5,23.3,0,ME,2,1119,9.00814,1.6654
NGS,Ndali,February,2006,38.8,23.6,77,25,7.6,ME,1,41,9.8592172,2.6998899
NGS,Ndali,March,2010,37.9,24.9,77,27,9.2,ME,1,13,9.8592172,2.6998899
NGS,Ndali,February,2006,38.8,23.6,77,25,7.6,ME,2,18,9.8592172,2.6998899
NGS,Ndali,March,2010,37.9,24.9,77,27,9.2,ME,2,10,9.8592172,2.6998899
NGS,Ndali,March,2010,37.9,24.9,77,27,9.2,ME,3,21,9.8592172,2.6998899
NGS,Parakou,March,2010,37.9,24.9,77,27,9.2,ME,1,11,9.33716,2.63031
NGS,Parakou,March,2010,37.9,24.9,77,27,9.2,ME,2,27,9.33716,2.63031
NGS,Parakou,March,2010,37.9,24.9,77,27,9.2,ME,3,70,9.33716,2.63031
SGS,Akofodjoule,January,2009,35.5,22,77,29,0,ME,1,12,7.75,2.38289865
SGS,Akofodjoule,January,2009,35.5,22,77,29,0,ME,2,15,7.75,2.38289865
SGS,Alafiarou1,March,2010,37.9,24.9,77,27,62.7,ME,1,4,9.8923435,3.4187595
SGS,Alafiarou1,March,2010,37.9,24.9,77,27,62.7,ME,2,6,9.8923435,3.4187595
SGS,Alafiarou1,March,2010,37.9,24.9,77,27,62.7,ME,3,3,9.8923435,3.4187595
SGS,Alafiarou2,March,2010,37.9,24.9,77,27,62.7,ME,1,11,9.8923435,3.4187595
SGS,Alafiarou2,March,2010,37.9,24.9,77,27,62.7,ME,2,6,9.8923435,3.4187595
SGS,Alafiarou2,March,2010,37.9,24.9,77,27,62.7,ME,3,2,9.8923435,3.4187595
SGS,Bassila,February,2006,38.8,23.6,77,25,0,ME,1,406,9.00814,1.6654
SGS,Bassila,March,2010,37.9,24.9,77,27,0,ME,1,359,9.00814,1.6654
SGS,Bassila,November,2006,38.8,23.6,77,25,0,ME,2,91,9.00814,1.6654
SGS,Bassila,January,2008,38.8,23.6,77,25,0,ME,3,53,9.00814,1.6654
SGS,Tchourou1,March,2010,37.9,24.9,77,27,62.7,ME,1,86,8.88649,2.59753
SGS,Tchourou1,March,2010,37.9,24.9,77,27,62.7,ME,2,53,8.88649,2.59753
SGS,Tchourou1,March,2010,37.9,24.9,77,27,62.7,ME,3,115,8.88649,2.59753
SGS,Tchourou2,March,2010,37.9,24.9,77,27,62.7,ME,1,23,8.88649,2.59753
SGS,Tchourou2,March,2010,37.9,24.9,77,27,62.7,ME,2,7,8.88649,2.59753
SGS,Tchourou2,March,2010,37.9,24.9,77,27,62.7,ME,3,16,8.88649,2.59753
NGS,Ndali,January,2006,37.3,22.8,76,29,0,ME,1,119,9.8592172,2.6998899
NGS,Ndali,November,2009,33.4,21.3,76,35,24.8,ME,1,181,9.8592172,2.6998899
NGS,Ndali,November,2009,33.4,21.3,76,35,24.8,ME,2,138,9.8592172,2.6998899
NGS,Ndali,November,2009,33.4,21.3,76,35,24.8,ME,3,198,9.8592172,2.6998899
NGS,Parakou,November,2009,33.4,21.3,76,35,24.8,ME,1,31,9.33716,2.63031
NGS,Parakou,November,2009,33.4,21.3,76,35,24.8,ME,2,49,9.33716,2.63031
NGS,Parakou,November,2009,33.4,21.3,76,35,24.8,ME,3,79,9.33716,2.63031
SGS,Alafiarou1,November,2009,33.4,21.3,76,35,0,ME,1,30,9.8923435,3.4187595
SGS,Alafiarou1,November,2009,33.4,21.3,76,35,0,ME,2,69,9.8923435,3.4187595
SGS,Alafiarou1,November,2009,33.4,21.3,76,35,0,ME,3,82,9.8923435,3.4187595
SGS,Alafiarou2,November,2009,33.4,21.3,76,35,0,ME,1,128,9.8923435,3.4187595
SGS,Alafiarou2,November,2009,33.4,21.3,76,35,0,ME,2,126,9.8923435,3.4187595
SGS,Alafiarou2,November,2009,33.4,21.3,76,35,0,ME,3,95,9.8923435,3.4187595
SGS,Bassila,January,2006,37.3,22.8,76,29,19.4,ME,1,146,9.00814,1.6654
SGS,Bassila,November,2009,33.4,21.3,76,35,0,ME,1,62,9.00814,1.6654
SGS,Bassila,October,2006,37.3,22.8,76,29,19.4,ME,2,323,9.00814,1.6654
SGS,Bassila,December,2007,37.3,22.8,76,29,19.4,ME,3,135,9.00814,1.6654
SGS,Tchourou1,November,2009,33.4,21.3,76,35,0,ME,1,52,8.88649,2.59753
SGS,Tchourou1,November,2009,33.4,21.3,76,35,0,ME,2,43,8.88649,2.59753
SGS,Tchourou1,November,2009,33.4,21.3,76,35,0,ME,3,47,8.88649,2.59753
SGS,Tchourou2,November,2009,33.4,21.3,76,35,0,ME,1,57,8.88649,2.59753
SGS,Tchourou2,November,2009,33.4,21.3,76,35,0,ME,2,0,8.88649,2.59753
SGS,Tchourou2,November,2009,33.4,21.3,76,35,0,ME,3,65,8.88649,2.59753
NGS,Natitingou,March,2009,38.8,24.4,75,40,9.7,ME,1,29,10.30416,1.37962
NGS,Natitingou,March,2009,38.8,24.4,75,40,9.7,ME,2,25,10.30416,1.37962
NGS,Natitingou,March,2009,38.8,24.4,75,40,9.7,ME,3,19,10.30416,1.37962
NGS,Papatia,March,2009,38.8,24.4,75,40,9.7,ME,1,34,6.4000211,2.0491574
NGS,Papatia,March,2009,38.8,24.4,75,40,9.7,ME,2,21,6.4000211,2.0491574
SGS,Akofodjoule,February,2008,38,23.3,72.8,21.1,0,ME,1,113,7.75,2.38289865
SGS,Akofodjoule,February,2008,38,23.3,72.8,21.1,0,ME,2,23,7.75,2.38289865
NGS,Ndali,February,2010,38.3,23.4,71,21,4,ME,1,5,9.8592172,2.6998899
NGS,Ndali,February,2010,38.3,23.4,71,21,4,ME,2,5,9.8592172,2.6998899
NGS,Ndali,February,2010,38.3,23.4,71,21,4,ME,3,17,9.8592172,2.6998899
NGS,Parakou,February,2010,38.3,23.4,71,21,4,ME,1,6,9.33716,2.63031
NGS,Parakou,February,2010,38.3,23.4,71,21,4,ME,2,7,9.33716,2.63031
NGS,Parakou,February,2010,38.3,23.4,71,21,4,ME,3,12,9.33716,2.63031
SGS,Alafiarou1,February,2010,38.3,23.4,71,21,0,ME,1,26,9.8923435,3.4187595
SGS,Alafiarou1,February,2010,38.3,23.4,71,21,0,ME,2,10,9.8923435,3.4187595
SGS,Alafiarou1,February,2010,38.3,23.4,71,21,0,ME,3,2,9.8923435,3.4187595
SGS,Alafiarou2,February,2010,38.3,23.4,71,21,0,ME,1,10,9.8923435,3.4187595
SGS,Alafiarou2,February,2010,38.3,23.4,71,21,0,ME,2,1,9.8923435,3.4187595
SGS,Alafiarou2,February,2010,38.3,23.4,71,21,0,ME,3,5,9.8923435,3.4187595
SGS,Bassila,February,2010,38.3,23.4,71,21,0,ME,1,126,9.00814,1.6654
SGS,Tchourou1,February,2010,38.3,23.4,71,21,0,ME,1,20,8.88649,2.59753
SGS,Tchourou1,February,2010,38.3,23.4,71,21,0,ME,2,18,8.88649,2.59753
SGS,Tchourou1,February,2010,38.3,23.4,71,21,0,ME,3,30,8.88649,2.59753
SGS,Tchourou2,February,2010,38.3,23.4,71,21,0,ME,1,12,8.88649,2.59753
SGS,Tchourou2,February,2010,38.3,23.4,71,21,0,ME,2,10,8.88649,2.59753
SGS,Tchourou2,February,2010,38.3,23.4,71,21,0,ME,3,10,8.88649,2.59753
FSM,Ketou,January,2008,34.6,21.4,70.6,22.6,0,ME,1,149,7.36332,2.59978
FSM,Ketou,January,2008,34.6,21.4,70.6,22.6,0,ME,2,144,7.36332,2.59978
FSM,Lalo,January,2008,34.6,21.4,70.6,22.6,0,ME,1,52,6.9300647,1.8785304
FSM,Lalo,January,2008,34.6,21.4,70.6,22.6,0,ME,2,54,6.9300647,1.8785304
NGS,Natitingou,December,2008,36.2,19.4,70.5,38,0,ME,1,404,10.30416,1.37962
NGS,Natitingou,December,2008,36.2,19.4,70.5,38,0,ME,2,134,10.30416,1.37962
NGS,Natitingou,December,2008,36.2,19.4,70.5,38,0,ME,3,176,10.30416,1.37962
NGS,Papatia,December,2008,36.2,19.4,70.5,38,0,ME,1,109,6.4000211,2.0491574
NGS,Papatia,December,2008,36.2,19.4,70.5,38,0,ME,2,100,6.4000211,2.0491574
NGS,Natitingou,March,2008,38.9,22.9,69.5,29,27.8,ME,1,0,10.30416,1.37962
NGS,Natitingou,March,2008,38.9,22.9,69.5,29,27.8,ME,2,0,10.30416,1.37962
NGS,Natitingou,March,2008,38.9,22.9,69.5,29,27.8,ME,3,0,10.30416,1.37962
NGS,Papatia,March,2008,38.9,22.9,69.5,29,27.8,ME,1,0,6.4000211,2.0491574
NGS,Papatia,March,2008,38.9,22.9,69.5,29,27.8,ME,2,0,6.4000211,2.0491574
NGS,Natitingou,November,2005,36.5,19.2,69,23,0,ME,1,80,10.30416,1.37962
NGS,Natitingou,December,2009,37.8,18.2,69,32,0,ME,1,21,10.30416,1.37962
NGS,Natitingou,December,2009,37.8,18.2,69,32,0,ME,2,64,10.30416,1.37962
NGS,Natitingou,December,2009,37.8,18.2,69,32,0,ME,3,34,10.30416,1.37962
NGS,Papatia,December,2009,37.8,18.2,69,32,0,ME,1,33,6.4000211,2.0491574
NGS,Papatia,December,2009,37.8,18.2,69,32,0,ME,2,19,6.4000211,2.0491574
NGS,Papatia,December,2009,37.8,18.2,69,32,0,ME,3,27,6.4000211,2.0491574
NGS,Natitingou,February,2010,38.9,22.3,68,33,0,ME,1,0,10.30416,1.37962
NGS,Natitingou,February,2010,38.9,22.3,68,33,0,ME,2,0,10.30416,1.37962
NGS,Natitingou,February,2010,38.9,22.3,68,33,0,ME,3,2,10.30416,1.37962
NGS,Papatia,February,2010,38.9,22.3,68,33,0,ME,1,1,6.4000211,2.0491574
NGS,Papatia,February,2010,38.9,22.3,68,33,0,ME,2,0,6.4000211,2.0491574
NGS,Papatia,February,2010,38.9,22.3,68,33,0,ME,3,0,6.4000211,2.0491574
NGS,Natitingou,March,2010,32.3,25,66,35,0.2,ME,1,1,10.30416,1.37962
NGS,Natitingou,March,2010,32.3,25,66,35,0.2,ME,2,0,10.30416,1.37962
NGS,Natitingou,March,2010,32.3,25,66,35,0.2,ME,3,0,10.30416,1.37962
NGS,Ndali,December,2009,35,20.3,66,22,7,ME,1,130,9.8592172,2.6998899
NGS,Ndali,December,2009,35,20.3,66,22,7,ME,2,108,9.8592172,2.6998899
NGS,Ndali,December,2009,35,20.3,66,22,7,ME,3,214,9.8592172,2.6998899
NGS,Papatia,March,2010,32.3,25,66,35,0.2,ME,1,0,6.4000211,2.0491574
NGS,Papatia,March,2010,32.3,25,66,35,0.2,ME,2,1,6.4000211,2.0491574
NGS,Papatia,March,2010,32.3,25,66,35,0.2,ME,3,1,6.4000211,2.0491574
NGS,Parakou,December,2009,35,20.3,66,22,7,ME,1,38,9.33716,2.63031
NGS,Parakou,December,2009,35,20.3,66,22,7,ME,2,56,9.33716,2.63031
NGS,Parakou,December,2009,35,20.3,66,22,7,ME,3,38,9.33716,2.63031
SGS,Alafiarou1,December,2009,35,20.3,66,22,0,ME,1,98,9.8923435,3.4187595
SGS,Alafiarou1,December,2009,35,20.3,66,22,0,ME,2,47,9.8923435,3.4187595
SGS,Alafiarou1,December,2009,35,20.3,66,22,0,ME,3,38,9.8923435,3.4187595
SGS,Alafiarou2,December,2009,35,20.3,66,22,0,ME,1,134,9.8923435,3.4187595
SGS,Alafiarou2,December,2009,35,20.3,66,22,0,ME,2,101,9.8923435,3.4187595
SGS,Alafiarou2,December,2009,35,20.3,66,22,0,ME,3,87,9.8923435,3.4187595
SGS,Bassila,December,2009,35,20.3,66,22,0,ME,1,173,9.00814,1.6654
SGS,Tchourou1,December,2009,35,20.3,66,22,0,ME,1,97,8.88649,2.59753
SGS,Tchourou1,December,2009,35,20.3,66,22,0,ME,2,102,8.88649,2.59753
SGS,Tchourou1,December,2009,35,20.3,66,22,0,ME,3,134,8.88649,2.59753
SGS,Tchourou2,December,2009,35,20.3,66,22,0,ME,1,42,8.88649,2.59753
SGS,Tchourou2,December,2009,35,20.3,66,22,0,ME,2,14,8.88649,2.59753
SGS,Tchourou2,December,2009,35,20.3,66,22,0,ME,3,156,8.88649,2.59753
NGS,Ndali,December,2008,36,21,65.6,24.6,30.2,ME,1,441,9.8592172,2.6998899
NGS,Ndali,December,2008,36,21,65.6,24.6,30.2,ME,2,78,9.8592172,2.6998899
NGS,Ndali,December,2008,36,21,65.6,24.6,30.2,ME,3,201,9.8592172,2.6998899
NGS,Parakou,December,2008,36,21,65.6,24.6,30.2,ME,1,216,9.33716,2.63031
NGS,Parakou,December,2008,36,21,65.6,24.6,30.2,ME,2,141,9.33716,2.63031
SGS,Bassila,December,2008,36,21,65.6,24.6,0,ME,1,345,9.00814,1.6654
SGS,Bassila,September,2009,36,21,65.6,24.6,0,ME,2,383,9.00814,1.6654
NGS,Ndali,December,2005,37.2,21,65,21,0,ME,1,170,9.8592172,2.6998899
SGS,Bassila,December,2005,37.2,21,65,21,0,ME,1,198,9.00814,1.6654
SGS,Bassila,September,2006,37.2,21,65,21,0,ME,2,714,9.00814,1.6654
SGS,Bassila,November,2007,37.2,21,65,21,0,ME,3,1443,9.00814,1.6654
NGS,Natitingou,February,2009,38.5,21.8,64,35,10.5,ME,1,27,10.30416,1.37962
NGS,Natitingou,February,2009,38.5,21.8,64,35,10.5,ME,2,8,10.30416,1.37962
NGS,Natitingou,February,2009,38.5,21.8,64,35,10.5,ME,3,5,10.30416,1.37962
NGS,Ndali,November,2006,36.1,20.5,64,24,0,ME,1,315,9.8592172,2.6998899
NGS,Ndali,December,2007,36.5,20.6,64,21.3,5.4,ME,1,81,9.8592172,2.6998899
NGS,Ndali,November,2006,36.1,20.5,64,24,0,ME,2,217,9.8592172,2.6998899
NGS,Ndali,December,2007,36.5,20.6,64,21.3,5.4,ME,2,76,9.8592172,2.6998899
NGS,Ndali,December,2007,36.5,20.6,64,21.3,5.4,ME,3,80,9.8592172,2.6998899
NGS,Papatia,February,2009,38.5,21.8,64,35,10.5,ME,1,2,6.4000211,2.0491574
NGS,Papatia,February,2009,38.5,21.8,64,35,10.5,ME,2,1,6.4000211,2.0491574
NGS,Parakou,December,2007,36.5,20.6,64,21.3,5.4,ME,1,62,9.33716,2.63031
NGS,Parakou,December,2007,36.5,20.6,64,21.3,5.4,ME,2,37,9.33716,2.63031
SGS,Bassila,November,2006,36.1,20.5,64,24,9.4,ME,1,130,9.00814,1.6654
SGS,Bassila,December,2007,36.5,20.6,64,21.3,0,ME,1,146,9.00814,1.6654
SGS,Bassila,August,2007,36.1,20.5,64,24,9.4,ME,2,5682,9.00814,1.6654
SGS,Bassila,September,2008,36.5,20.6,64,21.3,0,ME,2,1630,9.00814,1.6654
SGS,Bassila,October,2008,36.1,20.5,64,24,9.4,ME,3,478,9.00814,1.6654
SGS,Bassila,November,2009,36.5,20.6,64,21.3,0,ME,3,46,9.00814,1.6654
NGS,Ndali,February,2007,38.8,22.6,63,17,0,ME,1,0,9.8592172,2.6998899
NGS,Ndali,February,2007,38.8,22.6,63,17,0,ME,2,0,9.8592172,2.6998899
SGS,Bassila,February,2007,38.8,22.6,63,17,0,ME,1,81,9.00814,1.6654
SGS,Bassila,November,2007,38.8,22.6,63,17,0,ME,2,1409,9.00814,1.6654
SGS,Bassila,January,2009,38.8,22.6,63,17,0,ME,3,82,9.00814,1.6654
SGS,Akofodjoule,January,2008,35.6,20.1,62.8,22.8,0,ME,1,70,7.75,2.38289865
SGS,Akofodjoule,January,2008,35.6,20.1,62.8,22.8,0,ME,2,41,7.75,2.38289865
NGS,Natitingou,January,2010,37.3,18.5,62,30,0,ME,1,3,10.30416,1.37962
NGS,Natitingou,January,2010,37.3,18.5,62,30,0,ME,2,0,10.30416,1.37962
NGS,Natitingou,January,2010,37.3,18.5,62,30,0,ME,3,2,10.30416,1.37962
NGS,Papatia,January,2010,37.3,18.5,62,30,0,ME,1,16,6.4000211,2.0491574
NGS,Papatia,January,2010,37.3,18.5,62,30,0,ME,2,5,6.4000211,2.0491574
NGS,Papatia,January,2010,37.3,18.5,62,30,0,ME,3,15,6.4000211,2.0491574
SGS,Akofodjoule,January,2005,35.8,20.7,62,25,0,ME,1,163,7.75,2.38289865
NGS,Ndali,March,2007,39.8,24.1,61,20,0,ME,1,0,9.8592172,2.6998899
NGS,Ndali,March,2007,39.8,24.1,61,20,0,ME,2,0,9.8592172,2.6998899
SGS,Bassila,March,2007,39.8,24.1,61,20,0,ME,1,512,9.00814,1.6654
SGS,Bassila,December,2007,39.8,24.1,61,20,0,ME,2,93,9.00814,1.6654
SGS,Bassila,February,2009,39.8,24.1,61,20,0,ME,3,148,9.00814,1.6654
NGS,Natitingou,November,2007,35.3,19.9,60,35,12.1,ME,1,707,10.30416,1.37962
NGS,Natitingou,November,2007,35.3,19.9,60,35,12.1,ME,2,292,10.30416,1.37962
NGS,Natitingou,November,2007,35.3,19.9,60,35,12.1,ME,3,281,10.30416,1.37962
NGS,Ndali,January,2010,36.7,20.6,60,17,0,ME,1,54,9.8592172,2.6998899
NGS,Ndali,January,2010,36.7,20.6,60,17,0,ME,2,44,9.8592172,2.6998899
NGS,Ndali,January,2010,36.7,20.6,60,17,0,ME,3,141,9.8592172,2.6998899
NGS,Papatia,November,2007,35.3,19.9,60,35,12.1,ME,1,146,6.4000211,2.0491574
NGS,Papatia,November,2007,35.3,19.9,60,35,12.1,ME,2,153,6.4000211,2.0491574
NGS,Parakou,January,2010,36.7,20.6,60,17,0,ME,1,22,9.33716,2.63031
NGS,Parakou,January,2010,36.7,20.6,60,17,0,ME,2,20,9.33716,2.63031
NGS,Parakou,January,2010,36.7,20.6,60,17,0,ME,3,66,9.33716,2.63031
SGS,Alafiarou1,January,2010,36.7,20.6,60,17,0,ME,1,25,9.8923435,3.4187595
SGS,Alafiarou1,January,2010,36.7,20.6,60,17,0,ME,2,24,9.8923435,3.4187595
SGS,Alafiarou1,January,2010,36.7,20.6,60,17,0,ME,3,16,9.8923435,3.4187595
SGS,Alafiarou2,January,2010,36.7,20.6,60,17,0,ME,1,29,9.8923435,3.4187595
SGS,Alafiarou2,January,2010,36.7,20.6,60,17,0,ME,2,25,9.8923435,3.4187595
SGS,Alafiarou2,January,2010,36.7,20.6,60,17,0,ME,3,59,9.8923435,3.4187595
SGS,Bassila,January,2010,36.7,20.6,60,17,0,ME,1,136,9.00814,1.6654
SGS,Tchourou1,January,2010,36.7,20.6,60,17,0,ME,1,8,8.88649,2.59753
SGS,Tchourou1,January,2010,36.7,20.6,60,17,0,ME,2,25,8.88649,2.59753
SGS,Tchourou1,January,2010,36.7,20.6,60,17,0,ME,3,23,8.88649,2.59753
SGS,Tchourou2,January,2010,36.7,20.6,60,17,0,ME,1,42,8.88649,2.59753
SGS,Tchourou2,January,2010,36.7,20.6,60,17,0,ME,2,23,8.88649,2.59753
SGS,Tchourou2,January,2010,36.7,20.6,60,17,0,ME,3,35,8.88649,2.59753
NGS,Natitingou,January,2009,35.5,18.9,59,47,0,ME,1,34,10.30416,1.37962
NGS,Natitingou,January,2009,35.5,18.9,59,47,0,ME,2,5,10.30416,1.37962
NGS,Natitingou,January,2009,35.5,18.9,59,47,0,ME,3,6,10.30416,1.37962
NGS,Ndali,January,2009,36.4,20.1,59,20,0,ME,1,52,9.8592172,2.6998899
NGS,Ndali,January,2009,36.4,20.1,59,20,0,ME,2,88,9.8592172,2.6998899
NGS,Ndali,January,2009,36.4,20.1,59,20,0,ME,3,44,9.8592172,2.6998899
NGS,Papatia,January,2009,35.5,18.9,59,47,0,ME,1,3,6.4000211,2.0491574
NGS,Papatia,January,2009,35.5,18.9,59,47,0,ME,2,14,6.4000211,2.0491574
NGS,Parakou,January,2009,36.4,20.1,59,20,0,ME,1,17,9.33716,2.63031
NGS,Parakou,January,2009,36.4,20.1,59,20,0,ME,2,15,9.33716,2.63031
SGS,Bassila,January,2009,36.4,20.1,59,20,0,ME,1,238,9.00814,1.6654
SGS,Bassila,October,2009,36.4,20.1,59,20,0,ME,2,39,9.00814,1.6654
NGS,Natitingou,December,2007,35.2,19.1,56.9,23.8,2.1,ME,1,148,10.30416,1.37962
NGS,Natitingou,December,2007,35.2,19.1,56.9,23.8,2.1,ME,2,81,10.30416,1.37962
NGS,Natitingou,December,2007,35.2,19.1,56.9,23.8,2.1,ME,3,60,10.30416,1.37962
NGS,Papatia,December,2007,35.2,19.1,56.9,23.8,2.1,ME,1,81,6.4000211,2.0491574
NGS,Papatia,December,2007,35.2,19.1,56.9,23.8,2.1,ME,2,56,6.4000211,2.0491574
NGS,Natitingou,March,2007,38.9,23.9,56,24,37.7,ME,1,0,10.30416,1.37962
NGS,Natitingou,March,2007,38.9,23.9,56,24,37.7,ME,2,0,10.30416,1.37962
SGS,Akofodjoule,January,2007,36.6,20.4,56,24,0,ME,1,35,7.75,2.38289865
NGS,Natitingou,December,2005,36.5,19.5,53,18,0,ME,1,281,10.30416,1.37962
NGS,Ndali,December,2006,36.6,19,48,18,0,ME,1,292,9.8592172,2.6998899
NGS,Ndali,December,2006,36.6,19,48,18,0,ME,2,117,9.8592172,2.6998899
SGS,Bassila,December,2006,36.6,19,48,18,0,ME,1,308,9.00814,1.6654
SGS,Bassila,September,2007,36.6,19,48,18,0,ME,2,2625,9.00814,1.6654
SGS,Bassila,November,2008,36.6,19,48,18,0,ME,3,532,9.00814,1.6654
NGS,Natitingou,February,2007,37.7,21.5,47,22,0,ME,1,0,10.30416,1.37962
NGS,Natitingou,February,2007,37.7,21.5,47,22,0,ME,2,0,10.30416,1.37962
FSM,Iloulofin,April,2010,35,25.3,44,54,129.7,ME,1,7387,6.98008,2.6649
FSM,Iloulofin,April,2010,35,25.3,44,54,129.7,ME,2,6974,6.98008,2.6649
FSM,Iloulofin,April,2010,35,25.3,44,54,129.7,ME,3,6728,6.98008,2.6649
FSM,Ketou,April,2010,35,25.3,44,54,129.7,ME,1,4443,7.36332,2.59978
FSM,Ketou,April,2010,35,25.3,44,54,129.7,ME,2,3417,7.36332,2.59978
FSM,Ketou,April,2010,35,25.3,44,54,129.7,ME,3,1724,7.36332,2.59978
NGS,Natitingou,January,2007,33.3,19.3,44,23,0,ME,1,7,10.30416,1.37962
NGS,Natitingou,January,2007,33.3,19.3,44,23,0,ME,2,5,10.30416,1.37962
NGS,Ndali,February,2008,38.1,21.3,41,13.3,0,ME,1,2,9.8592172,2.6998899
NGS,Ndali,February,2008,38.1,21.3,41,13.3,0,ME,2,1,9.8592172,2.6998899
NGS,Ndali,February,2008,38.1,21.3,41,13.3,0,ME,3,3,9.8592172,2.6998899
NGS,Parakou,February,2008,38.1,21.3,41,13.3,0,ME,1,4,9.33716,2.63031
NGS,Parakou,February,2008,38.1,21.3,41,13.3,0,ME,2,5,9.33716,2.63031
SGS,Bassila,February,2008,38.1,21.3,41,13.3,0,ME,1,24,9.00814,1.6654
SGS,Bassila,November,2008,38.1,21.3,41,13.3,0,ME,2,565,9.00814,1.6654
SGS,Bassila,January,2010,38.1,21.3,41,13.3,0,ME,3,73,9.00814,1.6654
NGS,Ndali,January,2007,36.3,18.9,39,14,0,ME,1,6,9.8592172,2.6998899
NGS,Ndali,January,2007,36.3,18.9,39,14,0,ME,2,0,9.8592172,2.6998899
SGS,Bassila,January,2007,36.3,18.9,39,14,0,ME,1,86,9.00814,1.6654
SGS,Bassila,October,2007,36.3,18.9,39,14,0,ME,2,2223,9.00814,1.6654
SGS,Bassila,December,2008,36.3,18.9,39,14,0,ME,3,92,9.00814,1.6654
NGS,Natitingou,March,2006,38.6,24.3,38.6,24.3,1.8,ME,1,19,10.30416,1.37962
NGS,Natitingou,March,2006,38.6,24.3,38.6,24.3,1.8,ME,2,7,10.30416,1.37962
NGS,Natitingou,January,2008,33.1,17.8,38.5,17.6,0,ME,1,45,10.30416,1.37962
NGS,Natitingou,January,2008,33.1,17.8,38.5,17.6,0,ME,2,25,10.30416,1.37962
NGS,Natitingou,January,2008,33.1,17.8,38.5,17.6,0,ME,3,16,10.30416,1.37962
NGS,Papatia,January,2008,33.1,17.8,38.5,17.6,0,ME,1,10,6.4000211,2.0491574
NGS,Papatia,January,2008,33.1,17.8,38.5,17.6,0,ME,2,15,6.4000211,2.0491574
NGS,Natitingou,April,2006,38.2,24.8,38.2,24.8,48.8,ME,1,122,10.30416,1.37962
NGS,Natitingou,April,2006,38.2,24.8,38.2,24.8,48.8,ME,2,104,10.30416,1.37962
NGS,Natitingou,February,2006,37.3,21.9,37.3,21.9,12.4,ME,1,42,10.30416,1.37962
NGS,Natitingou,February,2006,37.3,21.9,37.3,21.9,12.4,ME,2,4,10.30416,1.37962
NGS,Natitingou,January,2006,37,20.8,37,20.8,0,ME,1,12,10.30416,1.37962
NGS,Natitingou,November,2006,35.1,18.1,35.1,18.1,0,ME,1,827,10.30416,1.37962
NGS,Natitingou,November,2006,35.1,18.1,35.1,18.1,0,ME,2,322,10.30416,1.37962
NGS,Natitingou,December,2006,33.7,16.1,33.7,16.1,0,ME,1,125,10.30416,1.37962
NGS,Natitingou,December,2006,33.7,16.1,33.7,16.1,0,ME,2,56,10.30416,1.37962
NGS,Natitingou,May,2006,33.5,22.7,33.5,22.7,122.8,ME,1,623,10.30416,1.37962
NGS,Natitingou,May,2006,33.5,22.7,33.5,22.7,122.8,ME,2,469,10.30416,1.37962
NGS,Natitingou,October,2006,32.9,21.4,32.9,21.4,120,ME,1,1038,10.30416,1.37962
NGS,Natitingou,October,2006,32.9,21.4,32.9,21.4,120,ME,2,670,10.30416,1.37962
NGS,Natitingou,June,2006,32.8,22.9,32.8,22.9,90.4,ME,1,996,10.30416,1.37962
NGS,Natitingou,June,2006,32.8,22.9,32.8,22.9,90.4,ME,2,1265,10.30416,1.37962
NGS,Natitingou,February,2008,36.9,21.1,31.2,12.9,0,ME,1,0,10.30416,1.37962
NGS,Natitingou,February,2008,36.9,21.1,31.2,12.9,0,ME,2,0,10.30416,1.37962
NGS,Natitingou,February,2008,36.9,21.1,31.2,12.9,0,ME,3,0,10.30416,1.37962
NGS,Papatia,February,2008,36.9,21.1,31.2,12.9,0,ME,1,0,6.4000211,2.0491574
NGS,Papatia,February,2008,36.9,21.1,31.2,12.9,0,ME,2,0,6.4000211,2.0491574
NGS,Natitingou,July,2006,31,22.3,31,22.3,72,ME,1,11535,10.30416,1.37962
NGS,Natitingou,July,2006,31,22.3,31,22.3,72,ME,2,7675,10.30416,1.37962
NGS,Ndali,January,2008,35.2,18.2,31,13.5,0,ME,1,120,9.8592172,2.6998899
NGS,Ndali,January,2008,35.2,18.2,31,13.5,0,ME,2,55,9.8592172,2.6998899
NGS,Ndali,January,2008,35.2,18.2,31,13.5,0,ME,3,148,9.8592172,2.6998899
NGS,Parakou,January,2008,35.2,18.2,31,13.5,0,ME,1,15,9.33716,2.63031
NGS,Parakou,January,2008,35.2,18.2,31,13.5,0,ME,2,16,9.33716,2.63031
SGS,Bassila,January,2008,35.2,18.2,31,13.5,0,ME,1,46,9.00814,1.6654
SGS,Bassila,October,2008,35.2,18.2,31,13.5,0,ME,2,1498,9.00814,1.6654
SGS,Bassila,December,2009,35.2,18.2,31,13.5,0,ME,3,101,9.00814,1.6654
NGS,Natitingou,September,2006,30.3,20.8,30.3,20.8,295.5,ME,1,2358,10.30416,1.37962
NGS,Natitingou,September,2006,30.3,20.8,30.3,20.8,295.5,ME,2,1690,10.30416,1.37962
NGS,Natitingou,August,2006,29.7,22.1,29.7,22.1,253,ME,1,2973,10.30416,1.37962
NGS,Natitingou,August,2006,29.7,22.1,29.7,22.1,253,ME,2,2787,10.30416,1.37962
FSM,Ketou,November,2008,34.4,24.1,25.7,47.4,0,ME,1,176,7.36332,2.59978
FSM,Ketou,November,2008,34.4,24.1,25.7,47.4,0,ME,2,174,7.36332,2.59978
FSM,Lalo,November,2008,34.4,24.1,25.7,47.4,7.5,ME,1,159,6.9300647,1.8785304
FSM,Lalo,November,2008,34.4,24.1,25.7,47.4,7.5,ME,2,90,6.9300647,1.8785304
